"success","rt","trial_type","trial_index","plugin_version","time_elapsed","random_id","url","stimulus","response","phase","type","word","correct_choice","correct","accuracy"
"true","9147","fullscreen","0","null","10171","ps9zxm0rjqr","","","","","","","","",""
"","3104","external-html","1","2.1.0","13610","ps9zxm0rjqr","consent.html","","","","","","","",""
"","4376","html-button-response","2","2.1.0","17997","ps9zxm0rjqr","","
              <h2>Welcome to our study!</h2>
              <p><strong>Please read the following instructions:</strong></p>
              <p> In this study, you will complete a baseline evaluation about yourself and your music habits, genre preferences, study routines, and motivation levels.</p>
              <p>Next, you will be shown a series of words in the center of your screen. Please pay close attention and try to learn as many words as possible.</p>
              <p>You will then be asked to identify the words you saw to assess your retention.</p>
              <p>Afterward, you will be asked to repeat the process under different audio conditions.</p>
              <p>Stay focused and do your best!","0","","","","","",""
"","62231","survey","3","2.1.0","80321","ps9zxm0rjqr","","","{""baseline-age"":21,""baseline-race"":[""White""],""baseline-listen-frequency"":""Often"",""baseline-listening-device"":""Earbuds"",""baseline-music-type"":[""Jazz"",""Classical"",""Lo-fi / Chillhop"",""Pop"",""other""],""baseline-music-type-Comment"":""Worship music"",""baseline-study-hours"":""4-5"",""baseline-study-location"":[""Coffee shop"",""Home""],""baseline-study-motivation"":6}","","","","","",""
"","null","html-keyboard-response","4","2.0.0","83325","ps9zxm0rjqr","","
                <h2>Thank you!</h2>
                <p>Your baseline evaluation responses have been recorded.</p>
                <p><strong>You will now be taken to the learning task.</strong></p>
            ","null","","","","","",""
"","2808","html-button-response","5","2.1.0","86169","ps9zxm0rjqr","","
                <h2>Adjust your volume</h2>
                <p>Before continuing, please adjust your volume using the audio player below.</p>
                <div><audio id=""audio_test"" controls controlsList = ""noplaybackrate nodownload"" src=""audio/test.wav""></audio></div>
            ","0","","","","","",""
"","null","html-keyboard-response","6","2.0.0","91173","ps9zxm0rjqr","","<p>Starting trial with instrumental music.</p>
                  <p><strong>The trial will begin in a few seconds.</strong></p>","null","","","","","",""
"","null","html-keyboard-response","7","2.0.0","91676","ps9zxm0rjqr","","<p style=""font-size: 40px;"">+</p>","null","instrumental","fixation","","","",""
"","null","html-keyboard-response","8","2.0.0","92679","ps9zxm0rjqr","","<p style=""font-size: 32px;"">apple</p>","null","instrumental","word","apple","","",""
"","null","html-keyboard-response","9","2.0.0","93181","ps9zxm0rjqr","","<p style=""font-size: 40px;"">+</p>","null","instrumental","fixation","","","",""
"","null","html-keyboard-response","10","2.0.0","94183","ps9zxm0rjqr","","<p style=""font-size: 32px;"">table</p>","null","instrumental","word","table","","",""
"","null","html-keyboard-response","11","2.0.0","94687","ps9zxm0rjqr","","<p style=""font-size: 40px;"">+</p>","null","instrumental","fixation","","","",""
"","null","html-keyboard-response","12","2.0.0","95692","ps9zxm0rjqr","","<p style=""font-size: 32px;"">dog</p>","null","instrumental","word","dog","","",""
"","null","html-keyboard-response","13","2.0.0","96195","ps9zxm0rjqr","","<p style=""font-size: 40px;"">+</p>","null","instrumental","fixation","","","",""
"","null","html-keyboard-response","14","2.0.0","97198","ps9zxm0rjqr","","<p style=""font-size: 32px;"">sun</p>","null","instrumental","word","sun","","",""
"","null","html-keyboard-response","15","2.0.0","97702","ps9zxm0rjqr","","<p style=""font-size: 40px;"">+</p>","null","instrumental","fixation","","","",""
"","null","html-keyboard-response","16","2.0.0","98705","ps9zxm0rjqr","","<p style=""font-size: 32px;"">chair</p>","null","instrumental","word","chair","","",""
"","null","html-keyboard-response","17","2.0.0","99208","ps9zxm0rjqr","","<p style=""font-size: 40px;"">+</p>","null","instrumental","fixation","","","",""
"","null","html-keyboard-response","18","2.0.0","100212","ps9zxm0rjqr","","<p style=""font-size: 32px;"">pencil</p>","null","instrumental","word","pencil","","",""
"","null","html-keyboard-response","19","2.0.0","100716","ps9zxm0rjqr","","<p style=""font-size: 40px;"">+</p>","null","instrumental","fixation","","","",""
"","null","html-keyboard-response","20","2.0.0","101718","ps9zxm0rjqr","","<p style=""font-size: 32px;"">river</p>","null","instrumental","word","river","","",""
"","null","html-keyboard-response","21","2.0.0","102222","ps9zxm0rjqr","","<p style=""font-size: 40px;"">+</p>","null","instrumental","fixation","","","",""
"","null","html-keyboard-response","22","2.0.0","103225","ps9zxm0rjqr","","<p style=""font-size: 32px;"">moon</p>","null","instrumental","word","moon","","",""
"","null","html-keyboard-response","23","2.0.0","103728","ps9zxm0rjqr","","<p style=""font-size: 40px;"">+</p>","null","instrumental","fixation","","","",""
"","null","html-keyboard-response","24","2.0.0","104730","ps9zxm0rjqr","","<p style=""font-size: 32px;"">house</p>","null","instrumental","word","house","","",""
"","null","html-keyboard-response","25","2.0.0","105234","ps9zxm0rjqr","","<p style=""font-size: 40px;"">+</p>","null","instrumental","fixation","","","",""
"","null","html-keyboard-response","26","2.0.0","106236","ps9zxm0rjqr","","<p style=""font-size: 32px;"">flower</p>","null","instrumental","word","flower","","",""
"","null","html-keyboard-response","27","2.0.0","106739","ps9zxm0rjqr","","<p style=""font-size: 40px;"">+</p>","null","instrumental","fixation","","","",""
"","null","html-keyboard-response","28","2.0.0","107741","ps9zxm0rjqr","","<p style=""font-size: 32px;"">bridge</p>","null","instrumental","word","bridge","","",""
"","null","html-keyboard-response","29","2.0.0","108244","ps9zxm0rjqr","","<p style=""font-size: 40px;"">+</p>","null","instrumental","fixation","","","",""
"","null","html-keyboard-response","30","2.0.0","109247","ps9zxm0rjqr","","<p style=""font-size: 32px;"">stone</p>","null","instrumental","word","stone","","",""
"","null","html-keyboard-response","31","2.0.0","109750","ps9zxm0rjqr","","<p style=""font-size: 40px;"">+</p>","null","instrumental","fixation","","","",""
"","null","html-keyboard-response","32","2.0.0","110753","ps9zxm0rjqr","","<p style=""font-size: 32px;"">forest</p>","null","instrumental","word","forest","","",""
"","null","html-keyboard-response","33","2.0.0","111257","ps9zxm0rjqr","","<p style=""font-size: 40px;"">+</p>","null","instrumental","fixation","","","",""
"","null","html-keyboard-response","34","2.0.0","112259","ps9zxm0rjqr","","<p style=""font-size: 32px;"">cloud</p>","null","instrumental","word","cloud","","",""
"","null","html-keyboard-response","35","2.0.0","112762","ps9zxm0rjqr","","<p style=""font-size: 40px;"">+</p>","null","instrumental","fixation","","","",""
"","null","html-keyboard-response","36","2.0.0","113765","ps9zxm0rjqr","","<p style=""font-size: 32px;"">pathway</p>","null","instrumental","word","pathway","","",""
"","2473","html-button-response","37","2.1.0","116241","ps9zxm0rjqr","","<p>8 × 3 = ?</p>","1","math_distractor","","","1","true",""
"","1915","html-button-response","38","2.1.0","118158","ps9zxm0rjqr","","<p>15 - 9 = ?</p>","1","math_distractor","","","1","true",""
"","1581","html-button-response","39","2.1.0","119742","ps9zxm0rjqr","","<p>25 ÷ 5 = ?</p>","1","math_distractor","","","1","true",""
"","2301","html-button-response","40","2.1.0","122046","ps9zxm0rjqr","","<p>Which image is the odd one out?</p>","1","","","","","true",""
"","12631","survey","41","2.1.0","134710","ps9zxm0rjqr","","","{""selected_words"":[""pencil"",""table"",""moon"",""chair""]}","recall_instrumental","","","","","1"
"","null","html-keyboard-response","42","2.0.0","139713","ps9zxm0rjqr","","<p>Starting trial with silence.</p>
                  <p><strong>The trial will begin in a few seconds.</strong></p>","null","","","","","",""
"","null","html-keyboard-response","43","2.0.0","140216","ps9zxm0rjqr","","<p style=""font-size: 40px;"">+</p>","null","silence","fixation","","","",""
"","null","html-keyboard-response","44","2.0.0","141218","ps9zxm0rjqr","","<p style=""font-size: 32px;"">phone</p>","null","silence","word","phone","","",""
"","null","html-keyboard-response","45","2.0.0","141721","ps9zxm0rjqr","","<p style=""font-size: 40px;"">+</p>","null","silence","fixation","","","",""
"","null","html-keyboard-response","46","2.0.0","142724","ps9zxm0rjqr","","<p style=""font-size: 32px;"">candle</p>","null","silence","word","candle","","",""
"","null","html-keyboard-response","47","2.0.0","143236","ps9zxm0rjqr","","<p style=""font-size: 40px;"">+</p>","null","silence","fixation","","","",""
"","null","html-keyboard-response","48","2.0.0","144240","ps9zxm0rjqr","","<p style=""font-size: 32px;"">ocean</p>","null","silence","word","ocean","","",""
"","null","html-keyboard-response","49","2.0.0","144743","ps9zxm0rjqr","","<p style=""font-size: 40px;"">+</p>","null","silence","fixation","","","",""
"","null","html-keyboard-response","50","2.0.0","145747","ps9zxm0rjqr","","<p style=""font-size: 32px;"">guitar</p>","null","silence","word","guitar","","",""
"","null","html-keyboard-response","51","2.0.0","146250","ps9zxm0rjqr","","<p style=""font-size: 40px;"">+</p>","null","silence","fixation","","","",""
"","null","html-keyboard-response","52","2.0.0","147253","ps9zxm0rjqr","","<p style=""font-size: 32px;"">mouse</p>","null","silence","word","mouse","","",""
"","null","html-keyboard-response","53","2.0.0","147756","ps9zxm0rjqr","","<p style=""font-size: 40px;"">+</p>","null","silence","fixation","","","",""
"","null","html-keyboard-response","54","2.0.0","148758","ps9zxm0rjqr","","<p style=""font-size: 32px;"">book</p>","null","silence","word","book","","",""
"","null","html-keyboard-response","55","2.0.0","149260","ps9zxm0rjqr","","<p style=""font-size: 40px;"">+</p>","null","silence","fixation","","","",""
"","null","html-keyboard-response","56","2.0.0","150264","ps9zxm0rjqr","","<p style=""font-size: 32px;"">lamp</p>","null","silence","word","lamp","","",""
"","null","html-keyboard-response","57","2.0.0","150766","ps9zxm0rjqr","","<p style=""font-size: 40px;"">+</p>","null","silence","fixation","","","",""
"","null","html-keyboard-response","58","2.0.0","151769","ps9zxm0rjqr","","<p style=""font-size: 32px;"">valley</p>","null","silence","word","valley","","",""
"","null","html-keyboard-response","59","2.0.0","152272","ps9zxm0rjqr","","<p style=""font-size: 40px;"">+</p>","null","silence","fixation","","","",""
"","null","html-keyboard-response","60","2.0.0","153275","ps9zxm0rjqr","","<p style=""font-size: 32px;"">mountain</p>","null","silence","word","mountain","","",""
"","null","html-keyboard-response","61","2.0.0","153778","ps9zxm0rjqr","","<p style=""font-size: 40px;"">+</p>","null","silence","fixation","","","",""
"","null","html-keyboard-response","62","2.0.0","154780","ps9zxm0rjqr","","<p style=""font-size: 32px;"">car</p>","null","silence","word","car","","",""
"","null","html-keyboard-response","63","2.0.0","155282","ps9zxm0rjqr","","<p style=""font-size: 40px;"">+</p>","null","silence","fixation","","","",""
"","null","html-keyboard-response","64","2.0.0","156284","ps9zxm0rjqr","","<p style=""font-size: 32px;"">mirror</p>","null","silence","word","mirror","","",""
"","null","html-keyboard-response","65","2.0.0","156787","ps9zxm0rjqr","","<p style=""font-size: 40px;"">+</p>","null","silence","fixation","","","",""
"","null","html-keyboard-response","66","2.0.0","157790","ps9zxm0rjqr","","<p style=""font-size: 32px;"">radio</p>","null","silence","word","radio","","",""
"","null","html-keyboard-response","67","2.0.0","158293","ps9zxm0rjqr","","<p style=""font-size: 40px;"">+</p>","null","silence","fixation","","","",""
"","null","html-keyboard-response","68","2.0.0","159296","ps9zxm0rjqr","","<p style=""font-size: 32px;"">harbor</p>","null","silence","word","harbor","","",""
"","null","html-keyboard-response","69","2.0.0","159799","ps9zxm0rjqr","","<p style=""font-size: 40px;"">+</p>","null","silence","fixation","","","",""
"","null","html-keyboard-response","70","2.0.0","160802","ps9zxm0rjqr","","<p style=""font-size: 32px;"">road</p>","null","silence","word","road","","",""
"","null","html-keyboard-response","71","2.0.0","161305","ps9zxm0rjqr","","<p style=""font-size: 40px;"">+</p>","null","silence","fixation","","","",""
"","null","html-keyboard-response","72","2.0.0","162307","ps9zxm0rjqr","","<p style=""font-size: 32px;"">journal</p>","null","silence","word","journal","","",""
"","1956","html-button-response","73","2.1.0","164267","ps9zxm0rjqr","","<p>8 × 3 = ?</p>","1","math_distractor","","","1","true",""
"","1364","html-button-response","74","2.1.0","165634","ps9zxm0rjqr","","<p>15 - 9 = ?</p>","1","math_distractor","","","1","true",""
"","1199","html-button-response","75","2.1.0","166835","ps9zxm0rjqr","","<p>25 ÷ 5 = ?</p>","1","math_distractor","","","1","true",""
"","1181","html-button-response","76","2.1.0","168018","ps9zxm0rjqr","","<p>Which image is the odd one out?</p>","2","","","","","true",""
"","11675","survey","77","2.1.0","179724","ps9zxm0rjqr","","","{""selected_words"":[""canyon"",""ocean"",""car"",""journal"",""candle""]}","recall_silence","","","","","0.8"
"","null","html-keyboard-response","78","2.0.0","184727","ps9zxm0rjqr","","<p>Starting trial with vocal music.</p>
                  <p><strong>The trial will begin in a few seconds.</strong></p>","null","","","","","",""
"","null","html-keyboard-response","79","2.0.0","185230","ps9zxm0rjqr","","<p style=""font-size: 40px;"">+</p>","null","vocal","fixation","","","",""
"","null","html-keyboard-response","80","2.0.0","186233","ps9zxm0rjqr","","<p style=""font-size: 32px;"">tree</p>","null","vocal","word","tree","","",""
"","null","html-keyboard-response","81","2.0.0","186736","ps9zxm0rjqr","","<p style=""font-size: 40px;"">+</p>","null","vocal","fixation","","","",""
"","null","html-keyboard-response","82","2.0.0","187738","ps9zxm0rjqr","","<p style=""font-size: 32px;"">window</p>","null","vocal","word","window","","",""
"","null","html-keyboard-response","83","2.0.0","188241","ps9zxm0rjqr","","<p style=""font-size: 40px;"">+</p>","null","vocal","fixation","","","",""
"","null","html-keyboard-response","84","2.0.0","189244","ps9zxm0rjqr","","<p style=""font-size: 32px;"">cloud</p>","null","vocal","word","cloud","","",""
"","null","html-keyboard-response","85","2.0.0","189747","ps9zxm0rjqr","","<p style=""font-size: 40px;"">+</p>","null","vocal","fixation","","","",""
"","null","html-keyboard-response","86","2.0.0","190749","ps9zxm0rjqr","","<p style=""font-size: 32px;"">star</p>","null","vocal","word","star","","",""
"","null","html-keyboard-response","87","2.0.0","191252","ps9zxm0rjqr","","<p style=""font-size: 40px;"">+</p>","null","vocal","fixation","","","",""
"","null","html-keyboard-response","88","2.0.0","192254","ps9zxm0rjqr","","<p style=""font-size: 32px;"">computer</p>","null","vocal","word","computer","","",""
"","null","html-keyboard-response","89","2.0.0","192757","ps9zxm0rjqr","","<p style=""font-size: 40px;"">+</p>","null","vocal","fixation","","","",""
"","null","html-keyboard-response","90","2.0.0","193759","ps9zxm0rjqr","","<p style=""font-size: 32px;"">train</p>","null","vocal","word","train","","",""
"","null","html-keyboard-response","91","2.0.0","194262","ps9zxm0rjqr","","<p style=""font-size: 40px;"">+</p>","null","vocal","fixation","","","",""
"","null","html-keyboard-response","92","2.0.0","195265","ps9zxm0rjqr","","<p style=""font-size: 32px;"">guitar</p>","null","vocal","word","guitar","","",""
"","null","html-keyboard-response","93","2.0.0","195768","ps9zxm0rjqr","","<p style=""font-size: 40px;"">+</p>","null","vocal","fixation","","","",""
"","null","html-keyboard-response","94","2.0.0","196770","ps9zxm0rjqr","","<p style=""font-size: 32px;"">desert</p>","null","vocal","word","desert","","",""
"","null","html-keyboard-response","95","2.0.0","197272","ps9zxm0rjqr","","<p style=""font-size: 40px;"">+</p>","null","vocal","fixation","","","",""
"","null","html-keyboard-response","96","2.0.0","198274","ps9zxm0rjqr","","<p style=""font-size: 32px;"">cup</p>","null","vocal","word","cup","","",""
"","null","html-keyboard-response","97","2.0.0","198776","ps9zxm0rjqr","","<p style=""font-size: 40px;"">+</p>","null","vocal","fixation","","","",""
"","null","html-keyboard-response","98","2.0.0","199779","ps9zxm0rjqr","","<p style=""font-size: 32px;"">door</p>","null","vocal","word","door","","",""
"","null","html-keyboard-response","99","2.0.0","200282","ps9zxm0rjqr","","<p style=""font-size: 40px;"">+</p>","null","vocal","fixation","","","",""
"","null","html-keyboard-response","100","2.0.0","201285","ps9zxm0rjqr","","<p style=""font-size: 32px;"">ceiling</p>","null","vocal","word","ceiling","","",""
"","null","html-keyboard-response","101","2.0.0","201787","ps9zxm0rjqr","","<p style=""font-size: 40px;"">+</p>","null","vocal","fixation","","","",""
"","null","html-keyboard-response","102","2.0.0","202789","ps9zxm0rjqr","","<p style=""font-size: 32px;"">desk</p>","null","vocal","word","desk","","",""
"","null","html-keyboard-response","103","2.0.0","203292","ps9zxm0rjqr","","<p style=""font-size: 40px;"">+</p>","null","vocal","fixation","","","",""
"","null","html-keyboard-response","104","2.0.0","204294","ps9zxm0rjqr","","<p style=""font-size: 32px;"">keyboard</p>","null","vocal","word","keyboard","","",""
"","null","html-keyboard-response","105","2.0.0","204797","ps9zxm0rjqr","","<p style=""font-size: 40px;"">+</p>","null","vocal","fixation","","","",""
"","null","html-keyboard-response","106","2.0.0","205800","ps9zxm0rjqr","","<p style=""font-size: 32px;"">horizon</p>","null","vocal","word","horizon","","",""
"","null","html-keyboard-response","107","2.0.0","206305","ps9zxm0rjqr","","<p style=""font-size: 40px;"">+</p>","null","vocal","fixation","","","",""
"","null","html-keyboard-response","108","2.0.0","207308","ps9zxm0rjqr","","<p style=""font-size: 32px;"">stream</p>","null","vocal","word","stream","","",""
"","1548","html-button-response","109","2.1.0","208859","ps9zxm0rjqr","","<p>8 × 3 = ?</p>","1","math_distractor","","","1","true",""
"","1047","html-button-response","110","2.1.0","209909","ps9zxm0rjqr","","<p>15 - 9 = ?</p>","1","math_distractor","","","1","true",""
"","1147","html-button-response","111","2.1.0","211059","ps9zxm0rjqr","","<p>25 ÷ 5 = ?</p>","1","math_distractor","","","1","true",""
"","998","html-button-response","112","2.1.0","212060","ps9zxm0rjqr","","<p>Which image is the odd one out?</p>","0","","","","","true",""
"","11802","survey","113","2.1.0","223893","ps9zxm0rjqr","","","{""selected_words"":[""horizon"",""meadow"",""towel""]}","recall_vocal","","","","","0.25"
"","40719","survey","114","2.1.0","264644","ps9zxm0rjqr","","","{""reflect-study-mood"":6,""reflect-study-motivation"":3,""reflect-listening-device"":""Speakers/Out loud"",""reflect-music-familiarity"":""Neither"",""reflect-music-opinion"":""I liked it, but I wouldn't use it for studying"",""reflect-music-likes"":""Just the classical /jazz one "",""reflect-difficulties"":null,""reflect-feedback"":null}","","","","","",""
