"success","rt","trial_type","trial_index","plugin_version","time_elapsed","random_id","url","stimulus","response","phase","type","word","correct_choice","problem","correct","image_set","selected_image","answer_key","distractors","correct_answers","incorrect_answers","false_alarms","missed_answers","miss_rate","accuracy"
"true","2327","fullscreen","0","null","3345","ptn21ywmnxy","","","","","","","","","","","","","","","","","","",""
"","3774","external-html","1","2.1.0","7938","ptn21ywmnxy","consent.html","","","","","","","","","","","","","","","","","",""
"","8544","html-button-response","2","2.1.0","16485","ptn21ywmnxy","","
                <h2>Welcome to our study!</h2>
                <p><strong>Please read the following instructions carefully:</strong></p>
                <div style=""text-align: left; max-width: 800px;"">
                    <p>In this study, you will complete a brief baseline evaluation about your music habits, genre preferences, study routines, and motivation levels.</p>
                    <p>Next, you will be presented with a series of words in the center of your screen. Please pay close attention and try to learn as many words as possible, as you will later be tested on your memory of them.</p>
                    <p>Between learning phases, you will complete short activities designed to keep you engaged. These tasks are not part of the retention test, but they are important for the study.</p>
                    <p>You will repeat this process under different audio conditions to explore how music affects learning and retention.</p>
                </div>
                <hr />
                <p><em>Stay focused, and do your best!</em></p>
            ","0","","","","","","","","","","","","","","","",""
"","44309","survey","3","2.1.0","60868","ptn21ywmnxy","","","{""baseline-age"":20,""baseline-race"":[""White""],""baseline-listen-frequency"":""Sometimes"",""baseline-listening-device"":""Over-ear headphones"",""baseline-music-type"":[""Classical"",""Jazz"",""Rock""],""baseline-study-hours"":""4-5"",""baseline-study-location"":[""Coffee shop"",""Home"",""Library""],""baseline-study-motivation"":5}","","","","","","","","","","","","","","","",""
"","null","html-keyboard-response","4","2.0.0","63885","ptn21ywmnxy","","
                <h2>Thank you!</h2>
                <p>Your baseline evaluation responses have been recorded.</p>
                <p><strong>You will now be taken to the learning task.</strong></p>
            ","null","","","","","","","","","","","","","","","",""
"","13498","html-button-response","5","2.1.0","77391","ptn21ywmnxy","","
                <h2>Adjust your volume</h2>
                <p>Before continuing, please adjust your volume using the audio player below.</p>
                <div><audio id=""audio_test"" controls controlsList = ""noplaybackrate nodownload"" src=""audio/test.wav""></audio></div>
            ","0","","","","","","","","","","","","","","","",""
"","null","html-keyboard-response","6","2.0.0","87403","ptn21ywmnxy","","<p>Starting trial with silence.</p>
                  <p><strong>Please pay attention to the words in the center of your screen.</strong></p>
                  <p><em>The trial will begin in a few seconds.</em></p>","null","","","","","","","","","","","","","","","",""
"","null","html-keyboard-response","7","2.0.0","87917","ptn21ywmnxy","","<p style=""font-size: 40px;"">+</p>","null","silence","fixation","","","","","","","","","","","","","",""
"","null","html-keyboard-response","8","2.0.0","88931","ptn21ywmnxy","","<p style=""font-size: 32px;"">basket</p>","null","silence","word","basket","","","","","","","","","","","","",""
"","null","html-keyboard-response","9","2.0.0","89441","ptn21ywmnxy","","<p style=""font-size: 40px;"">+</p>","null","silence","fixation","","","","","","","","","","","","","",""
"","null","html-keyboard-response","10","2.0.0","90452","ptn21ywmnxy","","<p style=""font-size: 32px;"">tower</p>","null","silence","word","tower","","","","","","","","","","","","",""
"","null","html-keyboard-response","11","2.0.0","90960","ptn21ywmnxy","","<p style=""font-size: 40px;"">+</p>","null","silence","fixation","","","","","","","","","","","","","",""
"","null","html-keyboard-response","12","2.0.0","91972","ptn21ywmnxy","","<p style=""font-size: 32px;"">riverbank</p>","null","silence","word","riverbank","","","","","","","","","","","","",""
"","null","html-keyboard-response","13","2.0.0","92474","ptn21ywmnxy","","<p style=""font-size: 40px;"">+</p>","null","silence","fixation","","","","","","","","","","","","","",""
"","null","html-keyboard-response","14","2.0.0","93485","ptn21ywmnxy","","<p style=""font-size: 32px;"">glacier</p>","null","silence","word","glacier","","","","","","","","","","","","",""
"","null","html-keyboard-response","15","2.0.0","93993","ptn21ywmnxy","","<p style=""font-size: 40px;"">+</p>","null","silence","fixation","","","","","","","","","","","","","",""
"","null","html-keyboard-response","16","2.0.0","94998","ptn21ywmnxy","","<p style=""font-size: 32px;"">notebook</p>","null","silence","word","notebook","","","","","","","","","","","","",""
"","null","html-keyboard-response","17","2.0.0","95513","ptn21ywmnxy","","<p style=""font-size: 40px;"">+</p>","null","silence","fixation","","","","","","","","","","","","","",""
"","null","html-keyboard-response","18","2.0.0","96527","ptn21ywmnxy","","<p style=""font-size: 32px;"">planet</p>","null","silence","word","planet","","","","","","","","","","","","",""
"","null","html-keyboard-response","19","2.0.0","97033","ptn21ywmnxy","","<p style=""font-size: 40px;"">+</p>","null","silence","fixation","","","","","","","","","","","","","",""
"","null","html-keyboard-response","20","2.0.0","98040","ptn21ywmnxy","","<p style=""font-size: 32px;"">meadow</p>","null","silence","word","meadow","","","","","","","","","","","","",""
"","null","html-keyboard-response","21","2.0.0","98546","ptn21ywmnxy","","<p style=""font-size: 40px;"">+</p>","null","silence","fixation","","","","","","","","","","","","","",""
"","null","html-keyboard-response","22","2.0.0","99564","ptn21ywmnxy","","<p style=""font-size: 32px;"">statue</p>","null","silence","word","statue","","","","","","","","","","","","",""
"","null","html-keyboard-response","23","2.0.0","100068","ptn21ywmnxy","","<p style=""font-size: 40px;"">+</p>","null","silence","fixation","","","","","","","","","","","","","",""
"","null","html-keyboard-response","24","2.0.0","101080","ptn21ywmnxy","","<p style=""font-size: 32px;"">lantern</p>","null","silence","word","lantern","","","","","","","","","","","","",""
"","null","html-keyboard-response","25","2.0.0","101597","ptn21ywmnxy","","<p style=""font-size: 40px;"">+</p>","null","silence","fixation","","","","","","","","","","","","","",""
"","null","html-keyboard-response","26","2.0.0","102610","ptn21ywmnxy","","<p style=""font-size: 32px;"">avenue</p>","null","silence","word","avenue","","","","","","","","","","","","",""
"","null","html-keyboard-response","27","2.0.0","103126","ptn21ywmnxy","","<p style=""font-size: 40px;"">+</p>","null","silence","fixation","","","","","","","","","","","","","",""
"","null","html-keyboard-response","28","2.0.0","104135","ptn21ywmnxy","","<p style=""font-size: 32px;"">whistle</p>","null","silence","word","whistle","","","","","","","","","","","","",""
"","null","html-keyboard-response","29","2.0.0","104651","ptn21ywmnxy","","<p style=""font-size: 40px;"">+</p>","null","silence","fixation","","","","","","","","","","","","","",""
"","null","html-keyboard-response","30","2.0.0","105661","ptn21ywmnxy","","<p style=""font-size: 32px;"">saddle</p>","null","silence","word","saddle","","","","","","","","","","","","",""
"","null","html-keyboard-response","31","2.0.0","106167","ptn21ywmnxy","","<p style=""font-size: 40px;"">+</p>","null","silence","fixation","","","","","","","","","","","","","",""
"","null","html-keyboard-response","32","2.0.0","107173","ptn21ywmnxy","","<p style=""font-size: 32px;"">parade</p>","null","silence","word","parade","","","","","","","","","","","","",""
"","null","html-keyboard-response","33","2.0.0","107681","ptn21ywmnxy","","<p style=""font-size: 40px;"">+</p>","null","silence","fixation","","","","","","","","","","","","","",""
"","null","html-keyboard-response","34","2.0.0","108694","ptn21ywmnxy","","<p style=""font-size: 32px;"">fountain</p>","null","silence","word","fountain","","","","","","","","","","","","",""
"","null","html-keyboard-response","35","2.0.0","109201","ptn21ywmnxy","","<p style=""font-size: 40px;"">+</p>","null","silence","fixation","","","","","","","","","","","","","",""
"","null","html-keyboard-response","36","2.0.0","110208","ptn21ywmnxy","","<p style=""font-size: 32px;"">canvas</p>","null","silence","word","canvas","","","","","","","","","","","","",""
"","2288","html-button-response","37","2.1.0","112505","ptn21ywmnxy","","<p style=""font-size: 36px;"">11 × 2 = ?</p>","2","math_distractor_silence","","","3","11 × 2 = ?","false","","","","","","","","","",""
"","8670","html-button-response","38","2.1.0","121181","ptn21ywmnxy","","<p style=""font-size: 36px;"">12 + 7 = ?</p>","3","math_distractor_silence","","","3","12 + 7 = ?","true","","","","","","","","","",""
"","3306","html-button-response","39","2.1.0","124492","ptn21ywmnxy","","<p style=""font-size: 36px;"">27 - 13 = ?</p>","2","math_distractor_silence","","","2","27 - 13 = ?","true","","","","","","","","","",""
"","8415","html-button-response","40","2.1.0","132915","ptn21ywmnxy","","<p style=""font-size: 36px;"">32 - 18 = ?</p>","2","math_distractor_silence","","","2","32 - 18 = ?","true","","","","","","","","","",""
"","4399","html-button-response","41","2.1.0","137320","ptn21ywmnxy","","<p style=""font-size: 36px;"">9 × 5 = ?</p>","2","math_distractor_silence","","","2","9 × 5 = ?","true","","","","","","","","","",""
"","4728","html-button-response","42","2.1.0","142055","ptn21ywmnxy","","<p>Which image is the odd one out?</p>","0","ooo_distractor_silence","","","","","false","[""rocket"",""canoe"",""helicopter"",""airplane""]","rocket","","","","","","","",""
"","3468","html-button-response","43","2.1.0","145531","ptn21ywmnxy","","<p>Which image is the odd one out?</p>","3","ooo_distractor_silence","","","","","false","[""skates"",""skateboard"",""scooter"",""controller""]","controller","","","","","","","",""
"","2712","html-button-response","44","2.1.0","148254","ptn21ywmnxy","","<p>Which image is the odd one out?</p>","0","ooo_distractor_silence","","","","","true","[""teapot"",""mouse"",""pc"",""keyboard""]","teapot","","","","","","","",""
"","1535","html-button-response","45","2.1.0","149796","ptn21ywmnxy","","<p>Which image is the odd one out?</p>","0","ooo_distractor_silence","","","","","true","[""maracas"",""cat"",""dog"",""hamster""]","maracas","","","","","","","",""
"","2910","html-button-response","46","2.1.0","152712","ptn21ywmnxy","","<p>Which image is the odd one out?</p>","3","ooo_distractor_silence","","","","","true","[""orange"",""strawberry"",""lemon"",""balloon""]","balloon","","","","","","","",""
"","15748","survey","47","2.1.0","168482","ptn21ywmnxy","","","{""selected_answers"":[""parade"",""avenue"",""riverbank"",""notebook"",""meadow"",""fountain"",""basket""]}","recall_silence","","","","","","","","[""riverbank"",""avenue"",""whistle"",""basket"",""parade"",""fountain"",""planet"",""lantern"",""meadow"",""notebook""]","[""doormat"",""candlewick"",""accordion"",""tapestry"",""sketchpad""]","[""parade"",""avenue"",""riverbank"",""notebook"",""meadow"",""fountain"",""basket""]","[]","0","[""whistle"",""planet"",""lantern""]","0.3","0.7"
"","6273","html-button-response","48","2.1.0","174764","ptn21ywmnxy","","
                    <p><strong>You've finished the first trial.</strong></p>
                    <p>Take a moment to reset your mind. 🧠</p>
                    <p>Press <em>Continue</em> when you’re ready to start the next trial.</p>
                ","0","","","","","","","","","","","","","","","",""
"","null","html-keyboard-response","49","2.0.0","184769","ptn21ywmnxy","","<p>Starting trial with lyrical music.</p>
                  <p><strong>Please pay attention to the words in the center of your screen.</strong></p>
                  <p><em>The trial will begin in a few seconds.</em></p>","null","","","","","","","","","","","","","","","",""
"","null","html-keyboard-response","50","2.0.0","185271","ptn21ywmnxy","","<p style=""font-size: 40px;"">+</p>","null","lyrical","fixation","","","","","","","","","","","","","",""
"","null","html-keyboard-response","51","2.0.0","186284","ptn21ywmnxy","","<p style=""font-size: 32px;"">tree</p>","null","lyrical","word","tree","","","","","","","","","","","","",""
"","null","html-keyboard-response","52","2.0.0","186791","ptn21ywmnxy","","<p style=""font-size: 40px;"">+</p>","null","lyrical","fixation","","","","","","","","","","","","","",""
"","null","html-keyboard-response","53","2.0.0","187796","ptn21ywmnxy","","<p style=""font-size: 32px;"">window</p>","null","lyrical","word","window","","","","","","","","","","","","",""
"","null","html-keyboard-response","54","2.0.0","188301","ptn21ywmnxy","","<p style=""font-size: 40px;"">+</p>","null","lyrical","fixation","","","","","","","","","","","","","",""
"","null","html-keyboard-response","55","2.0.0","189308","ptn21ywmnxy","","<p style=""font-size: 32px;"">hill</p>","null","lyrical","word","hill","","","","","","","","","","","","",""
"","null","html-keyboard-response","56","2.0.0","189820","ptn21ywmnxy","","<p style=""font-size: 40px;"">+</p>","null","lyrical","fixation","","","","","","","","","","","","","",""
"","null","html-keyboard-response","57","2.0.0","190828","ptn21ywmnxy","","<p style=""font-size: 32px;"">star</p>","null","lyrical","word","star","","","","","","","","","","","","",""
"","null","html-keyboard-response","58","2.0.0","191335","ptn21ywmnxy","","<p style=""font-size: 40px;"">+</p>","null","lyrical","fixation","","","","","","","","","","","","","",""
"","null","html-keyboard-response","59","2.0.0","192340","ptn21ywmnxy","","<p style=""font-size: 32px;"">computer</p>","null","lyrical","word","computer","","","","","","","","","","","","",""
"","null","html-keyboard-response","60","2.0.0","192847","ptn21ywmnxy","","<p style=""font-size: 40px;"">+</p>","null","lyrical","fixation","","","","","","","","","","","","","",""
"","null","html-keyboard-response","61","2.0.0","193852","ptn21ywmnxy","","<p style=""font-size: 32px;"">train</p>","null","lyrical","word","train","","","","","","","","","","","","",""
"","null","html-keyboard-response","62","2.0.0","194360","ptn21ywmnxy","","<p style=""font-size: 40px;"">+</p>","null","lyrical","fixation","","","","","","","","","","","","","",""
"","null","html-keyboard-response","63","2.0.0","195368","ptn21ywmnxy","","<p style=""font-size: 32px;"">guitar</p>","null","lyrical","word","guitar","","","","","","","","","","","","",""
"","null","html-keyboard-response","64","2.0.0","195874","ptn21ywmnxy","","<p style=""font-size: 40px;"">+</p>","null","lyrical","fixation","","","","","","","","","","","","","",""
"","null","html-keyboard-response","65","2.0.0","196877","ptn21ywmnxy","","<p style=""font-size: 32px;"">desert</p>","null","lyrical","word","desert","","","","","","","","","","","","",""
"","null","html-keyboard-response","66","2.0.0","197388","ptn21ywmnxy","","<p style=""font-size: 40px;"">+</p>","null","lyrical","fixation","","","","","","","","","","","","","",""
"","null","html-keyboard-response","67","2.0.0","198399","ptn21ywmnxy","","<p style=""font-size: 32px;"">cup</p>","null","lyrical","word","cup","","","","","","","","","","","","",""
"","null","html-keyboard-response","68","2.0.0","198906","ptn21ywmnxy","","<p style=""font-size: 40px;"">+</p>","null","lyrical","fixation","","","","","","","","","","","","","",""
"","null","html-keyboard-response","69","2.0.0","199911","ptn21ywmnxy","","<p style=""font-size: 32px;"">door</p>","null","lyrical","word","door","","","","","","","","","","","","",""
"","null","html-keyboard-response","70","2.0.0","200427","ptn21ywmnxy","","<p style=""font-size: 40px;"">+</p>","null","lyrical","fixation","","","","","","","","","","","","","",""
"","null","html-keyboard-response","71","2.0.0","201433","ptn21ywmnxy","","<p style=""font-size: 32px;"">ceiling</p>","null","lyrical","word","ceiling","","","","","","","","","","","","",""
"","null","html-keyboard-response","72","2.0.0","201940","ptn21ywmnxy","","<p style=""font-size: 40px;"">+</p>","null","lyrical","fixation","","","","","","","","","","","","","",""
"","null","html-keyboard-response","73","2.0.0","202945","ptn21ywmnxy","","<p style=""font-size: 32px;"">desk</p>","null","lyrical","word","desk","","","","","","","","","","","","",""
"","null","html-keyboard-response","74","2.0.0","203454","ptn21ywmnxy","","<p style=""font-size: 40px;"">+</p>","null","lyrical","fixation","","","","","","","","","","","","","",""
"","null","html-keyboard-response","75","2.0.0","204457","ptn21ywmnxy","","<p style=""font-size: 32px;"">keyboard</p>","null","lyrical","word","keyboard","","","","","","","","","","","","",""
"","null","html-keyboard-response","76","2.0.0","204967","ptn21ywmnxy","","<p style=""font-size: 40px;"">+</p>","null","lyrical","fixation","","","","","","","","","","","","","",""
"","null","html-keyboard-response","77","2.0.0","205977","ptn21ywmnxy","","<p style=""font-size: 32px;"">horizon</p>","null","lyrical","word","horizon","","","","","","","","","","","","",""
"","null","html-keyboard-response","78","2.0.0","206485","ptn21ywmnxy","","<p style=""font-size: 40px;"">+</p>","null","lyrical","fixation","","","","","","","","","","","","","",""
"","null","html-keyboard-response","79","2.0.0","207491","ptn21ywmnxy","","<p style=""font-size: 32px;"">stream</p>","null","lyrical","word","stream","","","","","","","","","","","","",""
"","2023","html-button-response","80","2.1.0","209525","ptn21ywmnxy","","<p style=""font-size: 36px;"">25 ÷ 5 = ?</p>","1","math_distractor_lyrical","","","1","25 ÷ 5 = ?","true","","","","","","","","","",""
"","2094","html-button-response","81","2.1.0","211628","ptn21ywmnxy","","<p style=""font-size: 36px;"">45 ÷ 5 = ?</p>","2","math_distractor_lyrical","","","2","45 ÷ 5 = ?","true","","","","","","","","","",""
"","1453","html-button-response","82","2.1.0","213090","ptn21ywmnxy","","<p style=""font-size: 36px;"">36 ÷ 6 = ?</p>","3","math_distractor_lyrical","","","3","36 ÷ 6 = ?","true","","","","","","","","","",""
"","3346","html-button-response","83","2.1.0","216443","ptn21ywmnxy","","<p style=""font-size: 36px;"">16 + 12 = ?</p>","2","math_distractor_lyrical","","","2","16 + 12 = ?","true","","","","","","","","","",""
"","1711","html-button-response","84","2.1.0","218159","ptn21ywmnxy","","<p style=""font-size: 36px;"">18 - 7 = ?</p>","0","math_distractor_lyrical","","","0","18 - 7 = ?","true","","","","","","","","","",""
"","3488","html-button-response","85","2.1.0","221655","ptn21ywmnxy","","<p>Which image is the odd one out?</p>","1","ooo_distractor_lyrical","","","","","true","[""cap"",""glasses"",""tophat"",""crown""]","glasses","","","","","","","",""
"","2195","html-button-response","86","2.1.0","223856","ptn21ywmnxy","","<p>Which image is the odd one out?</p>","3","ooo_distractor_lyrical","","","","","true","[""police"",""taxi"",""truck"",""bike""]","bike","","","","","","","",""
"","2102","html-button-response","87","2.1.0","225962","ptn21ywmnxy","","<p>Which image is the odd one out?</p>","3","ooo_distractor_lyrical","","","","","true","[""heel"",""sneaker"",""boot"",""hat""]","hat","","","","","","","",""
"","2092","html-button-response","88","2.1.0","228058","ptn21ywmnxy","","<p>Which image is the odd one out?</p>","3","ooo_distractor_lyrical","","","","","true","[""flute"",""violin"",""guitar"",""flashlight""]","flashlight","","","","","","","",""
"","2469","html-button-response","89","2.1.0","230534","ptn21ywmnxy","","<p>Which image is the odd one out?</p>","0","ooo_distractor_lyrical","","","","","true","[""fire"",""cold"",""snowman"",""ice""]","fire","","","","","","","",""
"","14251","survey","90","2.1.0","244804","ptn21ywmnxy","","","{""selected_answers"":[""whisper"",""door"",""computer"",""horizon"",""desert"",""guitar"",""keyboard"",""clipboard""]}","recall_lyrical","","","","","","","","[""desert"",""horizon"",""computer"",""guitar"",""cup"",""door"",""train"",""ceiling"",""star"",""keyboard""]","[""whisper"",""clipboard"",""echo"",""marker"",""laughter""]","[""door"",""computer"",""horizon"",""desert"",""guitar"",""keyboard""]","[""whisper"",""clipboard""]","0.25","[""cup"",""train"",""ceiling"",""star""]","0.4","0.5"
"","5588","html-button-response","91","2.1.0","250401","ptn21ywmnxy","","
                    <p><strong>You've finished the second trial.</strong></p>
                    <p>Take a moment to reset your mind. 🧠</p>
                    <p>Press <em>Continue</em> when you’re ready to start the next trial.</p>
                ","0","","","","","","","","","","","","","","","",""
"","null","html-keyboard-response","92","2.0.0","260409","ptn21ywmnxy","","<p>Starting trial with chill instrumental music.</p>
                  <p><strong>Please pay attention to the words in the center of your screen.</strong></p>
                  <p><em>The trial will begin in a few seconds.</em></p>","null","","","","","","","","","","","","","","","",""
"","null","html-keyboard-response","93","2.0.0","260913","ptn21ywmnxy","","<p style=""font-size: 40px;"">+</p>","null","instrumental","fixation","","","","","","","","","","","","","",""
"","null","html-keyboard-response","94","2.0.0","261925","ptn21ywmnxy","","<p style=""font-size: 32px;"">apple</p>","null","instrumental","word","apple","","","","","","","","","","","","",""
"","null","html-keyboard-response","95","2.0.0","262440","ptn21ywmnxy","","<p style=""font-size: 40px;"">+</p>","null","instrumental","fixation","","","","","","","","","","","","","",""
"","null","html-keyboard-response","96","2.0.0","263453","ptn21ywmnxy","","<p style=""font-size: 32px;"">table</p>","null","instrumental","word","table","","","","","","","","","","","","",""
"","null","html-keyboard-response","97","2.0.0","263969","ptn21ywmnxy","","<p style=""font-size: 40px;"">+</p>","null","instrumental","fixation","","","","","","","","","","","","","",""
"","null","html-keyboard-response","98","2.0.0","264976","ptn21ywmnxy","","<p style=""font-size: 32px;"">dog</p>","null","instrumental","word","dog","","","","","","","","","","","","",""
"","null","html-keyboard-response","99","2.0.0","265490","ptn21ywmnxy","","<p style=""font-size: 40px;"">+</p>","null","instrumental","fixation","","","","","","","","","","","","","",""
"","null","html-keyboard-response","100","2.0.0","266497","ptn21ywmnxy","","<p style=""font-size: 32px;"">sun</p>","null","instrumental","word","sun","","","","","","","","","","","","",""
"","null","html-keyboard-response","101","2.0.0","266999","ptn21ywmnxy","","<p style=""font-size: 40px;"">+</p>","null","instrumental","fixation","","","","","","","","","","","","","",""
"","null","html-keyboard-response","102","2.0.0","268006","ptn21ywmnxy","","<p style=""font-size: 32px;"">chair</p>","null","instrumental","word","chair","","","","","","","","","","","","",""
"","null","html-keyboard-response","103","2.0.0","268516","ptn21ywmnxy","","<p style=""font-size: 40px;"">+</p>","null","instrumental","fixation","","","","","","","","","","","","","",""
"","null","html-keyboard-response","104","2.0.0","269521","ptn21ywmnxy","","<p style=""font-size: 32px;"">pencil</p>","null","instrumental","word","pencil","","","","","","","","","","","","",""
"","null","html-keyboard-response","105","2.0.0","270028","ptn21ywmnxy","","<p style=""font-size: 40px;"">+</p>","null","instrumental","fixation","","","","","","","","","","","","","",""
"","null","html-keyboard-response","106","2.0.0","271035","ptn21ywmnxy","","<p style=""font-size: 32px;"">river</p>","null","instrumental","word","river","","","","","","","","","","","","",""
"","null","html-keyboard-response","107","2.0.0","271541","ptn21ywmnxy","","<p style=""font-size: 40px;"">+</p>","null","instrumental","fixation","","","","","","","","","","","","","",""
"","null","html-keyboard-response","108","2.0.0","272548","ptn21ywmnxy","","<p style=""font-size: 32px;"">moon</p>","null","instrumental","word","moon","","","","","","","","","","","","",""
"","null","html-keyboard-response","109","2.0.0","273053","ptn21ywmnxy","","<p style=""font-size: 40px;"">+</p>","null","instrumental","fixation","","","","","","","","","","","","","",""
"","null","html-keyboard-response","110","2.0.0","274060","ptn21ywmnxy","","<p style=""font-size: 32px;"">house</p>","null","instrumental","word","house","","","","","","","","","","","","",""
"","null","html-keyboard-response","111","2.0.0","274576","ptn21ywmnxy","","<p style=""font-size: 40px;"">+</p>","null","instrumental","fixation","","","","","","","","","","","","","",""
"","null","html-keyboard-response","112","2.0.0","275586","ptn21ywmnxy","","<p style=""font-size: 32px;"">flower</p>","null","instrumental","word","flower","","","","","","","","","","","","",""
"","null","html-keyboard-response","113","2.0.0","276090","ptn21ywmnxy","","<p style=""font-size: 40px;"">+</p>","null","instrumental","fixation","","","","","","","","","","","","","",""
"","null","html-keyboard-response","114","2.0.0","277101","ptn21ywmnxy","","<p style=""font-size: 32px;"">bridge</p>","null","instrumental","word","bridge","","","","","","","","","","","","",""
"","null","html-keyboard-response","115","2.0.0","277604","ptn21ywmnxy","","<p style=""font-size: 40px;"">+</p>","null","instrumental","fixation","","","","","","","","","","","","","",""
"","null","html-keyboard-response","116","2.0.0","278612","ptn21ywmnxy","","<p style=""font-size: 32px;"">stone</p>","null","instrumental","word","stone","","","","","","","","","","","","",""
"","null","html-keyboard-response","117","2.0.0","279129","ptn21ywmnxy","","<p style=""font-size: 40px;"">+</p>","null","instrumental","fixation","","","","","","","","","","","","","",""
"","null","html-keyboard-response","118","2.0.0","280143","ptn21ywmnxy","","<p style=""font-size: 32px;"">forest</p>","null","instrumental","word","forest","","","","","","","","","","","","",""
"","null","html-keyboard-response","119","2.0.0","280658","ptn21ywmnxy","","<p style=""font-size: 40px;"">+</p>","null","instrumental","fixation","","","","","","","","","","","","","",""
"","null","html-keyboard-response","120","2.0.0","281665","ptn21ywmnxy","","<p style=""font-size: 32px;"">cloud</p>","null","instrumental","word","cloud","","","","","","","","","","","","",""
"","null","html-keyboard-response","121","2.0.0","282179","ptn21ywmnxy","","<p style=""font-size: 40px;"">+</p>","null","instrumental","fixation","","","","","","","","","","","","","",""
"","null","html-keyboard-response","122","2.0.0","283185","ptn21ywmnxy","","<p style=""font-size: 32px;"">pathway</p>","null","instrumental","word","pathway","","","","","","","","","","","","",""
"","2806","html-button-response","123","2.1.0","286000","ptn21ywmnxy","","<p style=""font-size: 36px;"">8 × 6 = ?</p>","1","math_distractor_instrumental","","","1","8 × 6 = ?","true","","","","","","","","","",""
"","7390","html-button-response","124","2.1.0","293398","ptn21ywmnxy","","<p style=""font-size: 36px;"">81 ÷ 9 = ?</p>","1","math_distractor_instrumental","","","1","81 ÷ 9 = ?","true","","","","","","","","","",""
"","9504","html-button-response","125","2.1.0","302908","ptn21ywmnxy","","<p style=""font-size: 36px;"">14 + 9 = ?</p>","1","math_distractor_instrumental","","","1","14 + 9 = ?","true","","","","","","","","","",""
"","2889","html-button-response","126","2.1.0","305806","ptn21ywmnxy","","<p style=""font-size: 36px;"">15 - 9 = ?</p>","3","math_distractor_instrumental","","","3","15 - 9 = ?","true","","","","","","","","","",""
"","2011","html-button-response","127","2.1.0","307823","ptn21ywmnxy","","<p style=""font-size: 36px;"">30 ÷ 6 = ?</p>","0","math_distractor_instrumental","","","0","30 ÷ 6 = ?","true","","","","","","","","","",""
"","2162","html-button-response","128","2.1.0","309990","ptn21ywmnxy","","<p>Which image is the odd one out?</p>","2","ooo_distractor_instrumental","","","","","true","[""basketball"",""baseball"",""mushroom"",""football""]","mushroom","","","","","","","",""
"","3984","html-button-response","129","2.1.0","313979","ptn21ywmnxy","","<p>Which image is the odd one out?</p>","2","ooo_distractor_instrumental","","","","","true","[""cupcake"",""cake"",""chick"",""icecream""]","chick","","","","","","","",""
"","3372","html-button-response","130","2.1.0","317357","ptn21ywmnxy","","<p>Which image is the odd one out?</p>","3","ooo_distractor_instrumental","","","","","true","[""needle"",""yarn"",""thread"",""palette""]","palette","","","","","","","",""
"","1925","html-button-response","131","2.1.0","319290","ptn21ywmnxy","","<p>Which image is the odd one out?</p>","3","ooo_distractor_instrumental","","","","","true","[""crayon"",""paintbrush"",""pencil"",""banana""]","banana","","","","","","","",""
"","2236","html-button-response","132","2.1.0","321533","ptn21ywmnxy","","<p>Which image is the odd one out?</p>","1","ooo_distractor_instrumental","","","","","true","[""jellyfish"",""goose"",""fish"",""dolphin""]","goose","","","","","","","",""
"","9636","survey","133","2.1.0","331185","ptn21ywmnxy","","","{""selected_answers"":[""river"",""dog"",""chair"",""pathway""]}","recall_instrumental","","","","","","","","[""chair"",""stone"",""forest"",""sun"",""bridge"",""flower"",""river"",""dog"",""pencil"",""pathway""]","[""magnet"",""plank"",""telescope"",""violin"",""blueprint""]","[""river"",""dog"",""chair"",""pathway""]","[]","0","[""stone"",""forest"",""sun"",""bridge"",""flower"",""pencil""]","0.6","0.4"
"","2684","html-button-response","134","2.1.0","333874","ptn21ywmnxy","","
                    <p><strong>You've finished the third trial.</strong></p>
                    <p>Take a moment to reset your mind. 🧠</p>
                    <p>Press <em>Continue</em> when you’re ready to start the next trial.</p>
                ","0","","","","","","","","","","","","","","","",""
"","null","html-keyboard-response","135","2.0.0","343877","ptn21ywmnxy","","<p>Starting trial with upbeat instrumental music.</p>
                  <p><strong>Please pay attention to the words in the center of your screen.</strong></p>
                  <p><em>The trial will begin in a few seconds.</em></p>","null","","","","","","","","","","","","","","","",""
"","null","html-keyboard-response","136","2.0.0","344384","ptn21ywmnxy","","<p style=""font-size: 40px;"">+</p>","null","upbeat_instrumental","fixation","","","","","","","","","","","","","",""
"","null","html-keyboard-response","137","2.0.0","345393","ptn21ywmnxy","","<p style=""font-size: 32px;"">phone</p>","null","upbeat_instrumental","word","phone","","","","","","","","","","","","",""
"","null","html-keyboard-response","138","2.0.0","345899","ptn21ywmnxy","","<p style=""font-size: 40px;"">+</p>","null","upbeat_instrumental","fixation","","","","","","","","","","","","","",""
"","null","html-keyboard-response","139","2.0.0","346902","ptn21ywmnxy","","<p style=""font-size: 32px;"">candle</p>","null","upbeat_instrumental","word","candle","","","","","","","","","","","","",""
"","null","html-keyboard-response","140","2.0.0","347409","ptn21ywmnxy","","<p style=""font-size: 40px;"">+</p>","null","upbeat_instrumental","fixation","","","","","","","","","","","","","",""
"","null","html-keyboard-response","141","2.0.0","348416","ptn21ywmnxy","","<p style=""font-size: 32px;"">ocean</p>","null","upbeat_instrumental","word","ocean","","","","","","","","","","","","",""
"","null","html-keyboard-response","142","2.0.0","348921","ptn21ywmnxy","","<p style=""font-size: 40px;"">+</p>","null","upbeat_instrumental","fixation","","","","","","","","","","","","","",""
"","null","html-keyboard-response","143","2.0.0","349935","ptn21ywmnxy","","<p style=""font-size: 32px;"">piano</p>","null","upbeat_instrumental","word","piano","","","","","","","","","","","","",""
"","null","html-keyboard-response","144","2.0.0","350453","ptn21ywmnxy","","<p style=""font-size: 40px;"">+</p>","null","upbeat_instrumental","fixation","","","","","","","","","","","","","",""
"","null","html-keyboard-response","145","2.0.0","351467","ptn21ywmnxy","","<p style=""font-size: 32px;"">mouse</p>","null","upbeat_instrumental","word","mouse","","","","","","","","","","","","",""
"","null","html-keyboard-response","146","2.0.0","351980","ptn21ywmnxy","","<p style=""font-size: 40px;"">+</p>","null","upbeat_instrumental","fixation","","","","","","","","","","","","","",""
"","null","html-keyboard-response","147","2.0.0","352994","ptn21ywmnxy","","<p style=""font-size: 32px;"">book</p>","null","upbeat_instrumental","word","book","","","","","","","","","","","","",""
"","null","html-keyboard-response","148","2.0.0","353501","ptn21ywmnxy","","<p style=""font-size: 40px;"">+</p>","null","upbeat_instrumental","fixation","","","","","","","","","","","","","",""
"","null","html-keyboard-response","149","2.0.0","354507","ptn21ywmnxy","","<p style=""font-size: 32px;"">lamp</p>","null","upbeat_instrumental","word","lamp","","","","","","","","","","","","",""
"","null","html-keyboard-response","150","2.0.0","355010","ptn21ywmnxy","","<p style=""font-size: 40px;"">+</p>","null","upbeat_instrumental","fixation","","","","","","","","","","","","","",""
"","null","html-keyboard-response","151","2.0.0","356018","ptn21ywmnxy","","<p style=""font-size: 32px;"">valley</p>","null","upbeat_instrumental","word","valley","","","","","","","","","","","","",""
"","null","html-keyboard-response","152","2.0.0","356530","ptn21ywmnxy","","<p style=""font-size: 40px;"">+</p>","null","upbeat_instrumental","fixation","","","","","","","","","","","","","",""
"","null","html-keyboard-response","153","2.0.0","357548","ptn21ywmnxy","","<p style=""font-size: 32px;"">mountain</p>","null","upbeat_instrumental","word","mountain","","","","","","","","","","","","",""
"","null","html-keyboard-response","154","2.0.0","358057","ptn21ywmnxy","","<p style=""font-size: 40px;"">+</p>","null","upbeat_instrumental","fixation","","","","","","","","","","","","","",""
"","null","html-keyboard-response","155","2.0.0","359060","ptn21ywmnxy","","<p style=""font-size: 32px;"">car</p>","null","upbeat_instrumental","word","car","","","","","","","","","","","","",""
"","null","html-keyboard-response","156","2.0.0","359577","ptn21ywmnxy","","<p style=""font-size: 40px;"">+</p>","null","upbeat_instrumental","fixation","","","","","","","","","","","","","",""
"","null","html-keyboard-response","157","2.0.0","360590","ptn21ywmnxy","","<p style=""font-size: 32px;"">mirror</p>","null","upbeat_instrumental","word","mirror","","","","","","","","","","","","",""
"","null","html-keyboard-response","158","2.0.0","361097","ptn21ywmnxy","","<p style=""font-size: 40px;"">+</p>","null","upbeat_instrumental","fixation","","","","","","","","","","","","","",""
"","null","html-keyboard-response","159","2.0.0","362103","ptn21ywmnxy","","<p style=""font-size: 32px;"">radio</p>","null","upbeat_instrumental","word","radio","","","","","","","","","","","","",""
"","null","html-keyboard-response","160","2.0.0","362612","ptn21ywmnxy","","<p style=""font-size: 40px;"">+</p>","null","upbeat_instrumental","fixation","","","","","","","","","","","","","",""
"","null","html-keyboard-response","161","2.0.0","363616","ptn21ywmnxy","","<p style=""font-size: 32px;"">harbor</p>","null","upbeat_instrumental","word","harbor","","","","","","","","","","","","",""
"","null","html-keyboard-response","162","2.0.0","364122","ptn21ywmnxy","","<p style=""font-size: 40px;"">+</p>","null","upbeat_instrumental","fixation","","","","","","","","","","","","","",""
"","null","html-keyboard-response","163","2.0.0","365128","ptn21ywmnxy","","<p style=""font-size: 32px;"">road</p>","null","upbeat_instrumental","word","road","","","","","","","","","","","","",""
"","null","html-keyboard-response","164","2.0.0","365641","ptn21ywmnxy","","<p style=""font-size: 40px;"">+</p>","null","upbeat_instrumental","fixation","","","","","","","","","","","","","",""
"","null","html-keyboard-response","165","2.0.0","366652","ptn21ywmnxy","","<p style=""font-size: 32px;"">journal</p>","null","upbeat_instrumental","word","journal","","","","","","","","","","","","",""
"","3375","html-button-response","166","2.1.0","370035","ptn21ywmnxy","","<p style=""font-size: 36px;"">8 × 3 = ?</p>","2","math_distractor_upbeat_instrumental","","","2","8 × 3 = ?","true","","","","","","","","","",""
"","1545","html-button-response","167","2.1.0","371588","ptn21ywmnxy","","<p style=""font-size: 36px;"">6 × 4 = ?</p>","3","math_distractor_upbeat_instrumental","","","3","6 × 4 = ?","true","","","","","","","","","",""
"","2053","html-button-response","168","2.1.0","373647","ptn21ywmnxy","","<p style=""font-size: 36px;"">99 ÷ 11 = ?</p>","0","math_distractor_upbeat_instrumental","","","0","99 ÷ 11 = ?","true","","","","","","","","","",""
"","2382","html-button-response","169","2.1.0","376036","ptn21ywmnxy","","<p style=""font-size: 36px;"">7 × 7 = ?</p>","2","math_distractor_upbeat_instrumental","","","2","7 × 7 = ?","true","","","","","","","","","",""
"","1928","html-button-response","170","2.1.0","377969","ptn21ywmnxy","","<p style=""font-size: 36px;"">50 ÷ 10 = ?</p>","3","math_distractor_upbeat_instrumental","","","3","50 ÷ 10 = ?","true","","","","","","","","","",""
"","3099","html-button-response","171","2.1.0","381073","ptn21ywmnxy","","<p>Which image is the odd one out?</p>","3","ooo_distractor_upbeat_instrumental","","","","","true","[""piano"",""trumpet"",""saxophone"",""popper""]","popper","","","","","","","",""
"","2666","html-button-response","172","2.1.0","383745","ptn21ywmnxy","","<p>Which image is the odd one out?</p>","3","ooo_distractor_upbeat_instrumental","","","","","true","[""mouth"",""eyes"",""ear"",""shirt""]","shirt","","","","","","","",""
"","3323","html-button-response","173","2.1.0","387073","ptn21ywmnxy","","<p>Which image is the odd one out?</p>","1","ooo_distractor_upbeat_instrumental","","","","","true","[""butterfly"",""turtle"",""ladybug"",""bee""]","turtle","","","","","","","",""
"","2312","html-button-response","174","2.1.0","389390","ptn21ywmnxy","","<p>Which image is the odd one out?</p>","3","ooo_distractor_upbeat_instrumental","","","","","true","[""tree"",""plant"",""sunflower"",""raccoon""]","raccoon","","","","","","","",""
"","1893","html-button-response","175","2.1.0","391290","ptn21ywmnxy","","<p>Which image is the odd one out?</p>","2","ooo_distractor_upbeat_instrumental","","","","","true","[""green_circle"",""blue_circle"",""orange_square"",""red_circle""]","orange_square","","","","","","","",""
"","13359","survey","176","2.1.0","404663","ptn21ywmnxy","","","{""selected_answers"":[""car"",""mouse"",""radio"",""mirror""]}","recall_upbeat_instrumental","","","","","","","","[""radio"",""phone"",""journal"",""mouse"",""candle"",""harbor"",""book"",""valley"",""mirror"",""car""]","[""umbrella"",""remote"",""glasses"",""helmet"",""towel""]","[""car"",""mouse"",""radio"",""mirror""]","[]","0","[""phone"",""journal"",""candle"",""harbor"",""book"",""valley""]","0.6","0.4"
"","4373","html-button-response","177","2.1.0","409042","ptn21ywmnxy","","
                <h2>Great job!</h2>
                <p><em>You have now completed the main part of the experiment.</em></p>
                <div style=""text-align: left; max-width: 800px;"">
                    <p>Before we conclude, we would like to ask you a few questions about your experience. Your feedback is valuable and will help us improve our understanding of how different factors influenced your performance.</p>
                    <p>Please take a moment to complete the following reflection survey. We encourage you to answer honestly, as your responses will provide important insights into your perspective on the task.</p>
                </div>
                <hr />
                <p>Thank you for your time and effort!</p>
            ","0","","","","","","","","","","","","","","","",""
"","79525","survey","178","2.1.0","488606","ptn21ywmnxy","","","{""reflect-study-mood"":5,""reflect-study-motivation"":5,""motivation_ranking"":[""Silence"",""Lyrical Music"",""Upbeat Instrumental"",""Chill Instrumental""],""reflect-listening-device"":""Speakers/Out loud"",""reflect-device"":""Laptop"",""reflect-music-familiarity"":""One of them"",""reflect-music-opinion"":""I liked it, but I wouldn't use it for studying"",""reflect-music-likes"":""I'm sorry I don't remember. The lyrical music was nice, but all of them were nice. "",""reflect-difficulties"":""no"",""reflect-feedback"":""no""}","","","","","","","","","","","","","","","",""
