random_id,rt,phase,response
pztcfa1tggb,46719.0,,"{""baseline-age"":18,""baseline-race"":[""White""],""baseline-listen-frequency"":""Sometimes"",""baseline-listening-device"":""Earbuds"",""baseline-music-type"":[""Classical"",""Jazz"",""Nature Sounds / White Noise""],""baseline-study-hours"":""6-7"",""baseline-study-location"":[""Home"",""Library""],""baseline-study-motivation"":3}"
pztcfa1tggb,63030.0,,"{""reflect-study-mood"":9,""reflect-study-motivation"":5,""motivation_ranking"":[""Chill Instrumental"",""Lyrical Music"",""Silence"",""Upbeat Instrumental""],""reflect-listening-device"":""Earbuds"",""reflect-device"":""Laptop"",""reflect-music-familiarity"":""Neither"",""reflect-music-opinion"":""I liked it and would use it for studying"",""reflect-music-likes"":""The chill one better"",""reflect-difficulties"":null,""reflect-feedback"":null}"
pv0sfrxu15r,50317.0,,"{""baseline-age"":18,""baseline-race"":[""Asian""],""baseline-listen-frequency"":""Always"",""baseline-listening-device"":""Earbuds"",""baseline-music-type"":[""Pop"",""R&B / Soul"",""Hip-Hop / Rap"",""K-Pop / J-Pop"",""other"",""Lo-fi / Chillhop"",""Classical""],""baseline-music-type-Comment"":""Indian"",""baseline-study-hours"":""8-9"",""baseline-study-location"":[""Home"",""Library""],""baseline-study-motivation"":6}"
pv0sfrxu15r,43828.0,,"{""reflect-study-mood"":7,""reflect-study-motivation"":5,""motivation_ranking"":[""Silence"",""Upbeat Instrumental"",""Chill Instrumental"",""Lyrical Music""],""reflect-listening-device"":""Earbuds"",""reflect-device"":""Laptop"",""reflect-music-familiarity"":""One of them"",""reflect-music-opinion"":""I liked it, but I wouldn't use it for studying"",""reflect-music-likes"":null,""reflect-difficulties"":""N/A"",""reflect-feedback"":""N/A""}"
pjb0cxwd8yd,95111.0,,"{""baseline-age"":21,""baseline-race"":[""Asian""],""baseline-listen-frequency"":""Often"",""baseline-listening-device"":""Earbuds"",""baseline-music-type"":[""K-Pop / J-Pop"",""Pop"",""R&B / Soul"",""Lo-fi / Chillhop""],""baseline-study-hours"":""10+"",""baseline-study-location"":[""Home"",""Coffee shop"",""other""],""baseline-study-location-Comment"":""Apartment study room"",""baseline-study-motivation"":6}"
pjb0cxwd8yd,102300.0,,"{""reflect-study-motivation"":6,""reflect-study-mood"":7,""motivation_ranking"":[""Chill Instrumental"",""Upbeat Instrumental"",""Silence"",""Lyrical Music""],""reflect-device"":""Phone"",""reflect-listening-device"":""Speakers/Out loud"",""reflect-music-familiarity"":""Neither"",""reflect-music-opinion"":""I liked it, but I wouldn't use it for studying"",""reflect-music-likes"":""The chill music"",""reflect-difficulties"":null,""reflect-feedback"":null}"
pddu8w00oyk,38022.0,,"{""baseline-age"":24,""baseline-race"":[""Asian""],""baseline-listen-frequency"":""Often"",""baseline-listening-device"":""Earbuds"",""baseline-music-type"":[""Jazz"",""Lo-fi / Chillhop"",""Pop"",""Hip-Hop / Rap"",""Reggae"",""K-Pop / J-Pop"",""Podcasts / Spoken Word""],""baseline-study-hours"":""10+"",""baseline-study-location"":[""Home"",""Library""],""baseline-study-motivation"":8}"
pddu8w00oyk,71690.0,,"{""reflect-study-mood"":10,""reflect-study-motivation"":9,""motivation_ranking"":[""Lyrical Music"",""Upbeat Instrumental"",""Chill Instrumental"",""Silence""],""reflect-listening-device"":""Earbuds"",""reflect-device"":""Laptop"",""reflect-music-familiarity"":""Both of them"",""reflect-music-opinion"":""I liked it and would use it for studying"",""reflect-music-likes"":""I like all of them"",""reflect-difficulties"":""No"",""reflect-feedback"":""The study is fun :)""}"
pbgh9pvsyuy,60785.0,,"{""baseline-age"":22,""baseline-race"":[""White""],""baseline-listen-frequency"":""Never"",""baseline-listening-device"":""I don't listen to music when studying"",""baseline-music-type"":[""none""],""baseline-study-hours"":""6-7"",""baseline-study-location"":[""Coffee shop"",""Library"",""Home""],""baseline-study-motivation"":5}"
pbgh9pvsyuy,70602.0,,"{""reflect-study-mood"":7,""reflect-study-motivation"":7,""motivation_ranking"":[""Lyrical Music"",""Silence"",""Chill Instrumental"",""Upbeat Instrumental""],""reflect-listening-device"":""Speakers/Out loud"",""reflect-device"":""Phone"",""reflect-music-familiarity"":""One of them"",""reflect-music-opinion"":""I liked it, but I wouldn't use it for studying"",""reflect-music-likes"":null,""reflect-difficulties"":null,""reflect-feedback"":null}"
pls7hssk9n5,58473.0,,"{""baseline-age"":21,""baseline-race"":[""White""],""baseline-listen-frequency"":""Never"",""baseline-listening-device"":""I don't listen to music when studying"",""baseline-music-type"":[""Podcasts / Spoken Word""],""baseline-study-hours"":""0-1"",""baseline-study-location"":[""Home""],""baseline-study-motivation"":2}"
pls7hssk9n5,109419.0,,"{""reflect-study-mood"":3,""reflect-study-motivation"":1,""motivation_ranking"":[""Chill Instrumental"",""Upbeat Instrumental"",""Silence"",""Lyrical Music""],""reflect-listening-device"":""Speakers/Out loud"",""reflect-device"":""Phone"",""reflect-music-opinion"":""I liked it, but I wouldn't use it for studying"",""reflect-music-likes"":""i no like"",""reflect-music-familiarity"":""One of them"",""reflect-difficulties"":""No"",""reflect-feedback"":""No""}"
pcjkmkfwl4d,44996.0,,"{""baseline-age"":20,""baseline-race"":[""Middle Eastern or North African""],""baseline-listen-frequency"":""Often"",""baseline-listening-device"":""Earbuds"",""baseline-music-type"":[""Jazz"",""Lo-fi / Chillhop"",""R&B / Soul"",""Hip-Hop / Rap"",""Ambient / New Age""],""baseline-study-hours"":""8-9"",""baseline-study-location"":[""Home"",""Library"",""Coffee shop""],""baseline-study-motivation"":6}"
pcjkmkfwl4d,87460.0,,"{""reflect-study-mood"":9,""reflect-study-motivation"":8,""motivation_ranking"":[""Chill Instrumental"",""Upbeat Instrumental"",""Silence"",""Lyrical Music""],""reflect-listening-device"":""Earbuds"",""reflect-device"":""Desktop Computer"",""reflect-music-familiarity"":""One of them"",""reflect-music-opinion"":""I liked it and would use it for studying"",""reflect-music-likes"":""The chill instrumental and upbeat house tracks were good, lyrical one was tough to pay attention "",""reflect-difficulties"":null,""reflect-feedback"":null}"
pg89slmjbse,237614.0,,"{""baseline-age"":24,""baseline-race"":[""White""],""baseline-listen-frequency"":""Sometimes"",""baseline-listening-device"":""Over-ear headphones"",""baseline-music-type"":[""Lo-fi / Chillhop"",""Classical"",""Nature Sounds / White Noise""],""baseline-study-hours"":""10+"",""baseline-study-location"":[""Home""],""baseline-study-motivation"":6}"
pg89slmjbse,120402.0,,"{""reflect-study-mood"":10,""reflect-study-motivation"":9,""motivation_ranking"":[""Upbeat Instrumental"",""Silence"",""Chill Instrumental"",""Lyrical Music""],""reflect-listening-device"":""Speakers/Out loud"",""reflect-device"":""Laptop"",""reflect-music-familiarity"":""One of them"",""reflect-music-opinion"":""I liked it, but I wouldn't use it for studying"",""reflect-music-likes"":""Both tracks hard af no cap. Not studying type ya feel."",""reflect-difficulties"":""no"",""reflect-feedback"":null}"
ps8ryezd7ou,183943.0,,"{""baseline-race"":[""Hispanic, Latino, or Spanish Origin"",""White""],""baseline-age"":22,""baseline-listen-frequency"":""Often"",""baseline-listening-device"":""Over-ear headphones"",""baseline-music-type"":[""Lo-fi / Chillhop"",""Podcasts / Spoken Word"",""other"",""Classical""],""baseline-music-type-Comment"":""most any genre that is instrumental (POLYPHIA)"",""baseline-study-location"":[""Home"",""other""],""baseline-study-hours"":""0-1"",""baseline-study-motivation"":3,""baseline-study-location-Comment"":""on campus quiet areas/desks""}"
ps8ryezd7ou,63984.0,,"{""reflect-study-mood"":6,""reflect-study-motivation"":6,""motivation_ranking"":[""Chill Instrumental"",""Silence"",""Upbeat Instrumental"",""Lyrical Music""],""reflect-listening-device"":""Over-ear headphones"",""reflect-device"":""Laptop"",""reflect-music-familiarity"":""One of them"",""reflect-music-opinion"":""I liked it, but I wouldn't use it for studying"",""reflect-music-likes"":null,""reflect-difficulties"":""n/a"",""reflect-feedback"":""n/a""}"
p3she5m9vrb,50570.0,,"{""baseline-age"":23,""baseline-race"":[""Hispanic, Latino, or Spanish Origin"",""White""],""baseline-listen-frequency"":""Often"",""baseline-listening-device"":""Over-ear headphones"",""baseline-music-type"":[""Classical"",""Electronic / EDM"",""Hip-Hop / Rap"",""Rock"",""other""],""baseline-music-type-Comment"":""Metal"",""baseline-study-hours"":""8-9"",""baseline-study-location"":[""Coffee shop"",""Library"",""Home""],""baseline-study-motivation"":8}"
p3she5m9vrb,116037.0,,"{""reflect-study-mood"":7,""reflect-study-motivation"":7,""motivation_ranking"":[""Upbeat Instrumental"",""Lyrical Music"",""Chill Instrumental"",""Silence""],""reflect-listening-device"":""Over-ear headphones"",""reflect-device"":""Phone"",""reflect-music-familiarity"":""One of them"",""reflect-music-opinion"":""I liked it, but I wouldn't use it for studying"",""reflect-music-likes"":""the upbeat instrumental music was good"",""reflect-feedback"":""i <3 jack"",""reflect-difficulties"":""my first attempt was cut short after trial one because i fat fingered the home button""}"
p5bhrpqwzpz,62177.0,,"{""baseline-age"":20,""baseline-race"":[""Asian""],""baseline-listen-frequency"":""Often"",""baseline-listening-device"":""Earbuds"",""baseline-music-type"":[""Nature Sounds / White Noise""],""baseline-study-hours"":""8-9"",""baseline-study-location"":[""Library"",""Home"",""Coffee shop""],""baseline-study-motivation"":8}"
p5bhrpqwzpz,63551.0,,"{""reflect-study-mood"":9,""reflect-study-motivation"":8,""motivation_ranking"":[""Chill Instrumental"",""Upbeat Instrumental"",""Lyrical Music"",""Silence""],""reflect-listening-device"":""Earbuds"",""reflect-device"":""Laptop"",""reflect-music-familiarity"":""Neither"",""reflect-music-opinion"":""I liked it, but I wouldn't use it for studying"",""reflect-music-likes"":""Both"",""reflect-difficulties"":""No"",""reflect-feedback"":""No""}"
p2jjxlzfqaj,50816.0,,"{""baseline-age"":25,""baseline-race"":[""White""],""baseline-listen-frequency"":""Sometimes"",""baseline-listening-device"":""Speakers/Out loud"",""baseline-music-type"":[""Classical"",""Lo-fi / Chillhop"",""Hip-Hop / Rap"",""Podcasts / Spoken Word"",""other""],""baseline-music-type-Comment"":""Punk"",""baseline-study-hours"":""10+"",""baseline-study-location"":[""Coffee shop"",""Home""],""baseline-study-motivation"":7}"
p2jjxlzfqaj,77610.0,,"{""reflect-study-mood"":10,""reflect-study-motivation"":5,""motivation_ranking"":[""Silence"",""Chill Instrumental"",""Lyrical Music"",""Upbeat Instrumental""],""reflect-listening-device"":""Speakers/Out loud"",""reflect-device"":""Laptop"",""reflect-music-familiarity"":""Both of them"",""reflect-music-opinion"":""I liked it, but I wouldn't use it for studying"",""reflect-music-likes"":""Blondie would go into the rotation, don't think that House beat could make me do anything except bop. "",""reflect-difficulties"":""No"",""reflect-feedback"":""No""}"
ps70rke1e0r,51917.0,,"{""baseline-age"":21,""baseline-race"":[""White""],""baseline-listen-frequency"":""Sometimes"",""baseline-listening-device"":""Earbuds"",""baseline-music-type"":[""Lo-fi / Chillhop"",""other""],""baseline-music-type-Comment"":""Christian Worship Music"",""baseline-study-hours"":""4-5"",""baseline-study-location"":[""Home"",""Coffee shop""],""baseline-study-motivation"":5}"
ps70rke1e0r,34509.0,,"{""reflect-study-mood"":8,""reflect-study-motivation"":10,""reflect-listening-device"":""Speakers/Out loud"",""reflect-music-familiarity"":""Neither"",""reflect-music-opinion"":""I liked it and would use it for studying"",""reflect-music-likes"":""I liked the second one (instrumental) and the silence the best. "",""reflect-difficulties"":null,""reflect-feedback"":null}"
pzebk8mndxy,73655.0,,"{""baseline-age"":21,""baseline-race"":[""Middle Eastern or North African""],""baseline-listen-frequency"":""Often"",""baseline-listening-device"":""Earbuds"",""baseline-music-type"":[""Classical"",""Lo-fi / Chillhop"",""Jazz"",""Pop"",""Rock"",""R&B / Soul"",""Hip-Hop / Rap""],""baseline-study-hours"":""10+"",""baseline-study-location"":[""Home""],""baseline-study-motivation"":9}"
pzebk8mndxy,64127.0,,"{""reflect-study-mood"":6,""reflect-study-motivation"":2,""motivation_ranking"":[""Lyrical Music"",""Chill Instrumental"",""Upbeat Instrumental"",""Silence""],""reflect-listening-device"":""Earbuds"",""reflect-device"":""Laptop"",""reflect-music-familiarity"":""One of them"",""reflect-music-opinion"":""I liked it, but I wouldn't use it for studying"",""reflect-music-likes"":""I only liked the first one "",""reflect-difficulties"":null,""reflect-feedback"":null}"
pr5qb52kpv1,70325.0,,"{""baseline-race"":[""Hispanic, Latino, or Spanish Origin""],""baseline-age"":18,""baseline-listen-frequency"":""Sometimes"",""baseline-listening-device"":""Earbuds"",""baseline-music-type"":[""Latin / Reggaeton"",""Hip-Hop / Rap"",""Pop""],""baseline-study-hours"":""4-5"",""baseline-study-location"":[""Library"",""Home""],""baseline-study-motivation"":6}"
pr5qb52kpv1,123561.0,,"{""reflect-study-mood"":5,""reflect-study-motivation"":4,""motivation_ranking"":[""Chill Instrumental"",""Silence"",""Lyrical Music"",""Upbeat Instrumental""],""reflect-listening-device"":""Earbuds"",""reflect-device"":""Phone"",""reflect-music-familiarity"":""One of them"",""reflect-music-opinion"":""I liked it and would use it for studying"",""reflect-music-likes"":""I liked both tracks the first one that played and the second one."",""reflect-difficulties"":""N/A"",""reflect-feedback"":""N/A""}"
ptn21ywmnxy,44309.0,,"{""baseline-age"":20,""baseline-race"":[""White""],""baseline-listen-frequency"":""Sometimes"",""baseline-listening-device"":""Over-ear headphones"",""baseline-music-type"":[""Classical"",""Jazz"",""Rock""],""baseline-study-hours"":""4-5"",""baseline-study-location"":[""Coffee shop"",""Home"",""Library""],""baseline-study-motivation"":5}"
ptn21ywmnxy,79525.0,,"{""reflect-study-mood"":5,""reflect-study-motivation"":5,""motivation_ranking"":[""Silence"",""Lyrical Music"",""Upbeat Instrumental"",""Chill Instrumental""],""reflect-listening-device"":""Speakers/Out loud"",""reflect-device"":""Laptop"",""reflect-music-familiarity"":""One of them"",""reflect-music-opinion"":""I liked it, but I wouldn't use it for studying"",""reflect-music-likes"":""I'm sorry I don't remember. The lyrical music was nice, but all of them were nice. "",""reflect-difficulties"":""no"",""reflect-feedback"":""no""}"
p213h3m86k1,41857.0,,"{""baseline-age"":20,""baseline-race"":[""White""],""baseline-listen-frequency"":""Sometimes"",""baseline-listening-device"":""Earbuds"",""baseline-music-type"":[""Rock""],""baseline-study-hours"":""2-3"",""baseline-study-location"":[""Library""],""baseline-study-motivation"":7}"
p213h3m86k1,100860.0,,"{""reflect-study-mood"":7,""reflect-study-motivation"":7,""motivation_ranking"":[""Silence"",""Chill Instrumental"",""Upbeat Instrumental"",""Lyrical Music""],""reflect-listening-device"":""Earbuds"",""reflect-device"":""Laptop"",""reflect-music-familiarity"":""One of them"",""reflect-music-opinion"":""I liked it, but I wouldn't use it for studying"",""reflect-music-likes"":""Did not like the upbeat instrumental music"",""reflect-difficulties"":""N/A"",""reflect-feedback"":""N/A - hopefully the order of all four is random to prevent bias""}"
px8xhr37kqe,55472.0,,"{""baseline-age"":21,""baseline-race"":[""White""],""baseline-listen-frequency"":""Often"",""baseline-listening-device"":""Earbuds"",""baseline-music-type"":[""Nature Sounds / White Noise"",""other""],""baseline-music-type-Comment"":""Indie"",""baseline-study-location"":[""Home"",""Coffee shop"",""Library""],""baseline-study-hours"":""6-7"",""baseline-study-motivation"":7}"
px8xhr37kqe,31011.0,,"{""reflect-study-mood"":6,""reflect-study-motivation"":7,""reflect-listening-device"":""Speakers/Out loud"",""reflect-music-familiarity"":""One of them"",""reflect-music-opinion"":""I liked it, but I wouldn't use it for studying"",""reflect-music-likes"":""The second"",""reflect-difficulties"":null,""reflect-feedback"":null}"
pt6140msbgv,62665.0,,"{""baseline-age"":22,""baseline-race"":[""Hispanic, Latino, or Spanish Origin""],""baseline-listen-frequency"":""Always"",""baseline-listening-device"":""Earbuds"",""baseline-music-type"":[""Reggae"",""Hip-Hop / Rap"",""R&B / Soul"",""Rock"",""Pop"",""Classical"",""Jazz"",""Latin / Reggaeton""],""baseline-study-hours"":""8-9"",""baseline-study-location"":[""Home"",""Library""],""baseline-study-motivation"":6}"
pt6140msbgv,65738.0,,"{""reflect-study-mood"":7,""reflect-study-motivation"":5,""reflect-listening-device"":""Earbuds"",""reflect-music-familiarity"":""Neither"",""reflect-music-opinion"":""I liked it and would use it for studying"",""reflect-music-likes"":""Me like both"",""reflect-difficulties"":""I did not know music was playing until I turned the volume up. A notification or message before hand would have been helpful to know"",""reflect-feedback"":null}"
pqdwu2hv9v8,40195.0,,"{""baseline-age"":24,""baseline-race"":[""White""],""baseline-listen-frequency"":""Often"",""baseline-listening-device"":""Earbuds"",""baseline-music-type"":[""Classical"",""Nature Sounds / White Noise"",""other""],""baseline-music-type-Comment"":""movie soundtracks"",""baseline-study-hours"":""6-7"",""baseline-study-location"":[""Home"",""Library""],""baseline-study-motivation"":4}"
pqdwu2hv9v8,71699.0,,"{""reflect-study-mood"":8,""reflect-study-motivation"":7,""motivation_ranking"":[""Chill Instrumental"",""Silence"",""Upbeat Instrumental"",""Lyrical Music""],""reflect-listening-device"":""Over-ear headphones"",""reflect-device"":""Laptop"",""reflect-music-familiarity"":""One of them"",""reflect-music-opinion"":""I liked it, but I wouldn't use it for studying"",""reflect-music-likes"":""I liked the lyrical track because I knew it so it was familiar to me. "",""reflect-difficulties"":""no"",""reflect-feedback"":""no""}"
prp5mlab79w,60237.0,,"{""baseline-age"":21,""baseline-race"":[""Hispanic, Latino, or Spanish Origin""],""baseline-listen-frequency"":""Never"",""baseline-listening-device"":""I don't listen to music when studying"",""baseline-music-type"":[""none""],""baseline-study-hours"":""2-3"",""baseline-study-location"":[""Home""],""baseline-study-motivation"":4}"
prp5mlab79w,97969.0,,"{""reflect-study-mood"":10,""reflect-study-motivation"":9,""motivation_ranking"":[""Lyrical Music"",""Upbeat Instrumental"",""Silence"",""Chill Instrumental""],""reflect-listening-device"":""Speakers/Out loud"",""reflect-device"":""Phone"",""reflect-music-familiarity"":""One of them"",""reflect-music-opinion"":""I liked it, but I wouldn't use it for studying"",""reflect-music-likes"":""I liked the upbeat music and lyrical music "",""reflect-difficulties"":null,""reflect-feedback"":null}"
pj1fp4vnhgo,137867.0,,"{""baseline-age"":22,""baseline-race"":[""Asian""],""baseline-listen-frequency"":""Sometimes"",""baseline-listening-device"":""Speakers/Out loud"",""baseline-music-type"":[""K-Pop / J-Pop"",""Lo-fi / Chillhop"",""Pop"",""R&B / Soul"",""other""],""baseline-music-type-Comment"":""indie/ indie pop"",""baseline-study-hours"":""4-5"",""baseline-study-location"":[""Home"",""other""],""baseline-study-location-Comment"":""on trolley, other places on campus"",""baseline-study-motivation"":4}"
pj1fp4vnhgo,230137.0,,"{""reflect-study-mood"":8,""reflect-study-motivation"":6,""motivation_ranking"":[""Silence"",""Upbeat Instrumental"",""Lyrical Music"",""Chill Instrumental""],""reflect-listening-device"":""Earbuds"",""reflect-device"":""Laptop"",""reflect-music-familiarity"":""One of them"",""reflect-music-opinion"":""I liked it, but I wouldn't use it for studying"",""reflect-music-likes"":""I liked all of them but would use the lyrical one (too distracting) and the classical one (too sleepy) for studying"",""reflect-difficulties"":""n/a"",""reflect-feedback"":""It was fun! I want to know about the findings of this study :) I also might've made a mistake on one of the questions (I realized right after clicking and I couldn't fix it... I guess that's just part of the study!)""}"
p39h55yf3g8,67612.0,,"{""baseline-age"":18,""baseline-race"":[""Hispanic, Latino, or Spanish Origin""],""baseline-listen-frequency"":""Always"",""baseline-listening-device"":""Over-ear headphones"",""baseline-music-type"":[""Latin / Reggaeton""],""baseline-study-hours"":""2-3"",""baseline-study-location"":[""Library"",""Home""],""baseline-study-motivation"":4}"
p39h55yf3g8,111513.0,,"{""reflect-study-mood"":8,""reflect-study-motivation"":8,""motivation_ranking"":[""Lyrical Music"",""Upbeat Instrumental"",""Chill Instrumental"",""Silence""],""reflect-listening-device"":""Speakers/Out loud"",""reflect-device"":""Phone"",""reflect-music-familiarity"":""One of them"",""reflect-music-opinion"":""I liked it and would use it for studying"",""reflect-music-likes"":null,""reflect-difficulties"":null,""reflect-feedback"":null}"
px6gd4x6uup,67316.0,,"{""baseline-age"":18,""baseline-race"":[""White""],""baseline-listen-frequency"":""Often"",""baseline-listening-device"":""Earbuds"",""baseline-music-type"":[""Pop"",""R&B / Soul"",""Rock"",""Classical"",""Hip-Hop / Rap""],""baseline-study-hours"":""4-5"",""baseline-study-location"":[""Library"",""Home""],""baseline-study-motivation"":6}"
px6gd4x6uup,90116.0,,"{""reflect-study-mood"":8,""reflect-study-motivation"":8,""motivation_ranking"":[""Chill Instrumental"",""Silence"",""Upbeat Instrumental"",""Lyrical Music""],""reflect-listening-device"":""Speakers/Out loud"",""reflect-device"":""Laptop"",""reflect-music-familiarity"":""One of them"",""reflect-music-opinion"":""I liked it, but I wouldn't use it for studying"",""reflect-music-likes"":""Both"",""reflect-difficulties"":""No"",""reflect-feedback"":""No""}"
p22eac6c2ul,46696.0,,"{""baseline-age"":27,""baseline-race"":[""Asian"",""White""],""baseline-listen-frequency"":""Never"",""baseline-listening-device"":""I don't listen to music when studying"",""baseline-music-type"":[""none""],""baseline-study-hours"":""6-7"",""baseline-study-location"":[""Home"",""other""],""baseline-study-location-Comment"":""Lab where I do research"",""baseline-study-motivation"":8}"
p22eac6c2ul,86138.0,,"{""reflect-study-mood"":6,""reflect-study-motivation"":9,""motivation_ranking"":[""Silence"",""Chill Instrumental"",""Lyrical Music"",""Upbeat Instrumental""],""reflect-listening-device"":""Speakers/Out loud"",""reflect-device"":""Laptop"",""reflect-music-familiarity"":""One of them"",""reflect-music-opinion"":""I liked it, but I wouldn't use it for studying"",""reflect-music-likes"":""The lyrical song"",""reflect-difficulties"":""No"",""reflect-feedback"":"" No""}"
pqclbv2h2ck,51576.0,,"{""baseline-age"":20,""baseline-race"":[""Hispanic, Latino, or Spanish Origin""],""baseline-listen-frequency"":""Sometimes"",""baseline-listening-device"":""Speakers/Out loud"",""baseline-music-type"":[""Electronic / EDM""],""baseline-study-hours"":""6-7"",""baseline-study-location"":[""Home""],""baseline-study-motivation"":1}"
pqclbv2h2ck,61512.0,,"{""reflect-study-mood"":10,""reflect-study-motivation"":10,""motivation_ranking"":[""Chill Instrumental"",""Silence"",""Lyrical Music"",""Upbeat Instrumental""],""reflect-listening-device"":""Earbuds"",""reflect-device"":""Laptop"",""reflect-music-familiarity"":""One of them"",""reflect-music-opinion"":""I liked it, but I wouldn't use it for studying"",""reflect-music-likes"":null,""reflect-difficulties"":null,""reflect-feedback"":null}"
p0vqdg59kpg,41429.0,,"{""baseline-age"":21,""baseline-race"":[""White""],""baseline-listen-frequency"":""Sometimes"",""baseline-listening-device"":""Earbuds"",""baseline-music-type"":[""Lo-fi / Chillhop"",""R&B / Soul""],""baseline-study-hours"":""4-5"",""baseline-study-location"":[""Home"",""Coffee shop"",""Library""],""baseline-study-motivation"":5}"
p0vqdg59kpg,64871.0,,"{""reflect-study-mood"":8,""reflect-study-motivation"":8,""motivation_ranking"":[""Lyrical Music"",""Chill Instrumental"",""Silence"",""Upbeat Instrumental""],""reflect-listening-device"":""Speakers/Out loud"",""reflect-device"":""Phone"",""reflect-music-familiarity"":""Both of them"",""reflect-music-opinion"":""I liked it and would use it for studying"",""reflect-music-likes"":""track one most"",""reflect-feedback"":""fun!"",""reflect-difficulties"":""No""}"
pk78jm038ww,42638.0,,"{""baseline-age"":20,""baseline-race"":[""Asian""],""baseline-listen-frequency"":""Always"",""baseline-listening-device"":""Over-ear headphones"",""baseline-music-type"":[""Pop"",""R&B / Soul"",""Hip-Hop / Rap"",""K-Pop / J-Pop"",""Podcasts / Spoken Word"",""Nature Sounds / White Noise"",""Lo-fi / Chillhop""],""baseline-study-hours"":""6-7"",""baseline-study-location"":[""Home""],""baseline-study-motivation"":3}"
pk78jm038ww,47103.0,,"{""reflect-study-mood"":7,""reflect-study-motivation"":3,""motivation_ranking"":[""Chill Instrumental"",""Lyrical Music"",""Upbeat Instrumental"",""Silence""],""reflect-listening-device"":""Over-ear headphones"",""reflect-device"":""Desktop Computer"",""reflect-music-familiarity"":""Neither"",""reflect-music-opinion"":""I didn't like the music used"",""reflect-music-likes"":null,""reflect-difficulties"":null,""reflect-feedback"":null}"
pz01s9mqzdk,56283.0,,"{""baseline-age"":18,""baseline-race"":[""Asian""],""baseline-listen-frequency"":""Always"",""baseline-listening-device"":""Over-ear headphones"",""baseline-music-type"":[""R&B / Soul"",""Hip-Hop / Rap""],""baseline-study-hours"":""10+"",""baseline-study-location"":[""Home"",""Coffee shop""],""baseline-study-motivation"":8}"
pz01s9mqzdk,64987.0,,"{""reflect-study-mood"":8,""reflect-study-motivation"":7,""motivation_ranking"":[""Chill Instrumental"",""Silence"",""Lyrical Music"",""Upbeat Instrumental""],""reflect-listening-device"":""Speakers/Out loud"",""reflect-device"":""Laptop"",""reflect-music-familiarity"":""One of them"",""reflect-music-opinion"":""I liked it, but I wouldn't use it for studying"",""reflect-music-likes"":""I liked the instrumental music. "",""reflect-difficulties"":""No. "",""reflect-feedback"":""No. ""}"
p8dr9p7zjs2,78278.0,,"{""baseline-age"":18,""baseline-race"":[""Hispanic, Latino, or Spanish Origin""],""baseline-listen-frequency"":""Often"",""baseline-listening-device"":""Earbuds"",""baseline-music-type"":[""Rock"",""other""],""baseline-music-type-Comment"":""Grunge and Folk"",""baseline-study-hours"":""8-9"",""baseline-study-location"":[""Home"",""Library""],""baseline-study-motivation"":6}"
p8dr9p7zjs2,57091.0,,"{""reflect-study-motivation"":3,""motivation_ranking"":[""Chill Instrumental"",""Silence"",""Upbeat Instrumental"",""Lyrical Music""],""reflect-study-mood"":6,""reflect-listening-device"":""Earbuds"",""reflect-device"":""Laptop"",""reflect-music-familiarity"":""Neither"",""reflect-music-opinion"":""I liked it, but I wouldn't use it for studying"",""reflect-music-likes"":""both"",""reflect-difficulties"":""no"",""reflect-feedback"":""no""}"
p0j4gk7z0tg,64659.0,,"{""baseline-age"":19,""baseline-race"":[""Hispanic, Latino, or Spanish Origin"",""Asian""],""baseline-listen-frequency"":""Sometimes"",""baseline-listening-device"":""Speakers/Out loud"",""baseline-music-type"":[""Pop"",""R&B / Soul""],""baseline-study-hours"":""4-5"",""baseline-study-location"":[""Home""],""baseline-study-motivation"":7}"
p0j4gk7z0tg,103488.0,,"{""reflect-study-mood"":6,""reflect-study-motivation"":7,""motivation_ranking"":[""Silence"",""Upbeat Instrumental"",""Chill Instrumental"",""Lyrical Music""],""reflect-listening-device"":""Earbuds"",""reflect-device"":""Laptop"",""reflect-music-familiarity"":""One of them"",""reflect-music-opinion"":""I liked it, but I wouldn't use it for studying"",""reflect-music-likes"":""I did not dislike the first one but I focus better without music"",""reflect-difficulties"":""n/a"",""reflect-feedback"":""I enjoyed it even though I had a hard time remembering the words""}"
pqsy7tr26s1,52275.0,,"{""baseline-age"":18,""baseline-race"":[""Hispanic, Latino, or Spanish Origin""],""baseline-listen-frequency"":""Often"",""baseline-listening-device"":""Earbuds"",""baseline-music-type"":[""R&B / Soul"",""K-Pop / J-Pop"",""Pop""],""baseline-study-hours"":""6-7"",""baseline-study-location"":[""Home"",""Library""],""baseline-study-motivation"":4}"
pqsy7tr26s1,163810.0,,"{""reflect-study-mood"":8,""reflect-study-motivation"":7,""motivation_ranking"":[""Lyrical Music"",""Upbeat Instrumental"",""Chill Instrumental"",""Silence""],""reflect-listening-device"":""Earbuds"",""reflect-device"":""Laptop"",""reflect-music-familiarity"":""Both of them"",""reflect-music-opinion"":""I liked it and would use it for studying"",""reflect-music-likes"":""both were good because it they were upbeat "",""reflect-difficulties"":""No"",""reflect-feedback"":""it was fun""}"
pvkh9600sku,52307.0,,"{""baseline-age"":18,""baseline-race"":[""Asian""],""baseline-listen-frequency"":""Sometimes"",""baseline-listening-device"":""Over-ear headphones"",""baseline-music-type"":[""Nature Sounds / White Noise""],""baseline-study-hours"":""10+"",""baseline-study-location"":[""Home""],""baseline-study-motivation"":7}"
pvkh9600sku,75952.0,,"{""reflect-study-mood"":7,""reflect-study-motivation"":6,""motivation_ranking"":[""Chill Instrumental"",""Upbeat Instrumental"",""Silence"",""Lyrical Music""],""reflect-listening-device"":""Over-ear headphones"",""reflect-device"":""Laptop"",""reflect-music-familiarity"":""Neither"",""reflect-music-opinion"":""I liked it, but I wouldn't use it for studying"",""reflect-music-likes"":""I liked the chill music"",""reflect-difficulties"":null,""reflect-feedback"":null}"
ph42gfpkfdj,46273.0,,"{""baseline-age"":20,""baseline-race"":[""White""],""baseline-listen-frequency"":""Often"",""baseline-listening-device"":""Over-ear headphones"",""baseline-music-type"":[""Classical""],""baseline-study-hours"":""8-9"",""baseline-study-location"":[""Home""],""baseline-study-motivation"":7}"
ph42gfpkfdj,70990.0,,"{""reflect-study-mood"":8,""reflect-study-motivation"":7,""motivation_ranking"":[""Silence"",""Chill Instrumental"",""Upbeat Instrumental"",""Lyrical Music""],""reflect-device"":""Desktop Computer"",""reflect-listening-device"":""Over-ear headphones"",""reflect-music-familiarity"":""Neither"",""reflect-music-opinion"":""I liked it, but I wouldn't use it for studying"",""reflect-music-likes"":""I liked them all. Not very judgemental"",""reflect-difficulties"":null,""reflect-feedback"":null}"
plvbsn0gqqh,43832.0,,"{""baseline-age"":21,""baseline-race"":[""White""],""baseline-listen-frequency"":""Sometimes"",""baseline-listening-device"":""Over-ear headphones"",""baseline-music-type"":[""Classical"",""Lo-fi / Chillhop""],""baseline-study-hours"":""6-7"",""baseline-study-location"":[""Home""],""baseline-study-motivation"":6}"
plvbsn0gqqh,108564.0,,"{""reflect-study-mood"":7,""reflect-study-motivation"":7,""motivation_ranking"":[""Upbeat Instrumental"",""Chill Instrumental"",""Silence"",""Lyrical Music""],""reflect-listening-device"":""Over-ear headphones"",""reflect-device"":""Desktop Computer"",""reflect-music-familiarity"":""One of them"",""reflect-music-opinion"":""I liked it, but I wouldn't use it for studying"",""reflect-music-likes"":""I liked the chill music. "",""reflect-feedback"":""I think I should have given more time in between each trial as I felt more focused on the first trial than by the end of the experiment."",""reflect-difficulties"":null}"
pva7eu86rbk,69445.0,,"{""baseline-age"":20,""baseline-race"":[""White""],""baseline-listen-frequency"":""Often"",""baseline-listening-device"":""Over-ear headphones"",""baseline-music-type"":[""Lo-fi / Chillhop"",""Ambient / New Age"",""Pop""],""baseline-study-hours"":""2-3"",""baseline-study-location"":[""Coffee shop"",""Library"",""Home""],""baseline-study-motivation"":4}"
pva7eu86rbk,70239.0,,"{""reflect-study-motivation"":4,""reflect-study-mood"":6,""motivation_ranking"":[""Chill Instrumental"",""Silence"",""Upbeat Instrumental"",""Lyrical Music""],""reflect-listening-device"":""Speakers/Out loud"",""reflect-device"":""Phone"",""reflect-music-familiarity"":""One of them"",""reflect-music-opinion"":""I liked it and would use it for studying"",""reflect-music-likes"":""chill one "",""reflect-difficulties"":""no"",""reflect-feedback"":""was v tired doing it""}"
p0do0zvof09,44920.0,,"{""baseline-age"":18,""baseline-race"":[""Asian"",""White""],""baseline-listen-frequency"":""Always"",""baseline-listening-device"":""Over-ear headphones"",""baseline-music-type"":[""Jazz"",""Lo-fi / Chillhop"",""R&B / Soul"",""Pop"",""Rock""],""baseline-study-hours"":""4-5"",""baseline-study-location"":[""Home"",""Library""],""baseline-study-motivation"":7}"
p0do0zvof09,68501.0,,"{""reflect-study-mood"":7,""reflect-study-motivation"":5,""motivation_ranking"":[""Upbeat Instrumental"",""Lyrical Music"",""Chill Instrumental"",""Silence""],""reflect-listening-device"":""Earbuds"",""reflect-device"":""Laptop"",""reflect-music-familiarity"":""One of them"",""reflect-music-opinion"":""I liked it and would use it for studying"",""reflect-music-likes"":""The first electronic track and the chill track were my favorites"",""reflect-difficulties"":""n/a"",""reflect-feedback"":""n/a""}"
ptqpgoe1lzp,43495.0,,"{""baseline-age"":20,""baseline-race"":[""White""],""baseline-listen-frequency"":""Never"",""baseline-listening-device"":""I don't listen to music when studying"",""baseline-music-type"":[""none""],""baseline-study-location"":[""Home""],""baseline-study-hours"":""10+"",""baseline-study-motivation"":5}"
ptqpgoe1lzp,85821.0,,"{""reflect-study-mood"":8,""motivation_ranking"":[""Upbeat Instrumental"",""Lyrical Music"",""Silence"",""Chill Instrumental""],""reflect-study-motivation"":8,""reflect-listening-device"":""Over-ear headphones"",""reflect-device"":""Desktop Computer"",""reflect-music-familiarity"":""One of them"",""reflect-music-opinion"":""I liked it and would use it for studying"",""reflect-music-likes"":""I like both tracks, I've heard the one with words a million times. I'd listen to both songs but I wouldn't choose them, but if they came up I wouldn't skip them."",""reflect-difficulties"":""no"",""reflect-feedback"":"":)""}"
pj8g2zckw3z,32639.0,,"{""baseline-age"":22,""baseline-race"":[""Asian"",""White"",""Multiethnic""],""baseline-listen-frequency"":""Often"",""baseline-listening-device"":""Earbuds"",""baseline-music-type"":[""Lo-fi / Chillhop"",""Pop"",""Hip-Hop / Rap""],""baseline-study-hours"":""2-3"",""baseline-study-location"":[""Home"",""Library""],""baseline-study-motivation"":6}"
pj8g2zckw3z,52039.0,,"{""reflect-study-mood"":6,""reflect-study-motivation"":3,""motivation_ranking"":[""Chill Instrumental"",""Silence"",""Upbeat Instrumental"",""Lyrical Music""],""reflect-listening-device"":""Over-ear headphones"",""reflect-device"":""Laptop"",""reflect-music-familiarity"":""One of them"",""reflect-music-opinion"":""I didn't like the music used"",""reflect-music-likes"":null,""reflect-difficulties"":""no"",""reflect-feedback"":""the upbeat instrumental music had lyrics""}"
ptr747qpxgf,88308.0,,"{""baseline-age"":22,""baseline-race"":[""Hispanic, Latino, or Spanish Origin""],""baseline-listen-frequency"":""Always"",""baseline-listening-device"":""Over-ear headphones"",""baseline-music-type"":[""Classical"",""Pop"",""Rock"",""Ambient / New Age"",""Reggae"",""Electronic / EDM"",""Latin / Reggaeton""],""baseline-study-hours"":""4-5"",""baseline-study-location"":[""Home""],""baseline-study-motivation"":6}"
ptr747qpxgf,42663.0,,"{""reflect-study-mood"":7,""reflect-study-motivation"":7,""reflect-listening-device"":""Speakers/Out loud"",""reflect-music-familiarity"":""Neither"",""reflect-music-opinion"":""I liked it, but I wouldn't use it for studying"",""reflect-music-likes"":null,""reflect-difficulties"":null,""reflect-feedback"":null}"
ps9zxm0rjqr,62231.0,,"{""baseline-age"":21,""baseline-race"":[""White""],""baseline-listen-frequency"":""Often"",""baseline-listening-device"":""Earbuds"",""baseline-music-type"":[""Jazz"",""Classical"",""Lo-fi / Chillhop"",""Pop"",""other""],""baseline-music-type-Comment"":""Worship music"",""baseline-study-hours"":""4-5"",""baseline-study-location"":[""Coffee shop"",""Home""],""baseline-study-motivation"":6}"
ps9zxm0rjqr,40719.0,,"{""reflect-study-mood"":6,""reflect-study-motivation"":3,""reflect-listening-device"":""Speakers/Out loud"",""reflect-music-familiarity"":""Neither"",""reflect-music-opinion"":""I liked it, but I wouldn't use it for studying"",""reflect-music-likes"":""Just the classical /jazz one "",""reflect-difficulties"":null,""reflect-feedback"":null}"
puv87vfsj5s,85685.0,,"{""baseline-age"":40,""baseline-race"":[""White""],""baseline-listen-frequency"":""Often"",""baseline-listening-device"":""Over-ear headphones"",""baseline-music-type"":[""Ambient / New Age"",""Classical"",""Nature Sounds / White Noise"",""other""],""baseline-music-type-Comment"":""Binaural sounds"",""baseline-study-hours"":""10+"",""baseline-study-location"":[""Library"",""Home"",""Coffee shop""],""baseline-study-motivation"":6}"
puv87vfsj5s,121788.0,,"{""reflect-study-mood"":10,""reflect-study-motivation"":8,""motivation_ranking"":[""Chill Instrumental"",""Silence"",""Upbeat Instrumental"",""Lyrical Music""],""reflect-listening-device"":""Over-ear headphones"",""reflect-device"":""Phone"",""reflect-music-familiarity"":""One of them"",""reflect-music-opinion"":""I liked it, but I wouldn't use it for studying"",""reflect-music-likes"":""I didn't like the techno music "",""reflect-difficulties"":""No"",""reflect-feedback"":""No""}"
poyd49myhw9,87641.0,,"{""baseline-race"":[""Hispanic, Latino, or Spanish Origin"",""White"",""Multiethnic"",""other""],""baseline-race-Comment"":""Basque"",""baseline-age"":21,""baseline-listen-frequency"":""Always"",""baseline-listening-device"":""Over-ear headphones"",""baseline-music-type"":[""Classical"",""Jazz"",""Lo-fi / Chillhop"",""Ambient / New Age"",""Pop"",""Rock"",""R&B / Soul"",""Hip-Hop / Rap"",""Electronic / EDM"",""Reggae"",""Latin / Reggaeton"",""K-Pop / J-Pop"",""Nature Sounds / White Noise"",""other""],""baseline-music-type-Comment"":""Everything, depends on what I’m currently liking"",""baseline-study-hours"":""2-3"",""baseline-study-location"":[""Home""],""baseline-study-motivation"":2}"
poyd49myhw9,81460.0,,"{""reflect-study-mood"":10,""reflect-study-motivation"":8,""motivation_ranking"":[""Chill Instrumental"",""Upbeat Instrumental"",""Lyrical Music"",""Silence""],""reflect-listening-device"":""Speakers/Out loud"",""reflect-device"":""Phone"",""reflect-music-familiarity"":""Both of them"",""reflect-music-opinion"":""I liked it and would use it for studying"",""reflect-music-likes"":""Just the chill instrumental "",""reflect-difficulties"":""Nope"",""reflect-feedback"":""Loved it""}"
pdcrhjtz9ap,113676.0,,"{""baseline-age"":21,""baseline-race"":[""Black or African American"",""White""],""baseline-listen-frequency"":""Often"",""baseline-listening-device"":""Over-ear headphones"",""baseline-music-type"":[""R&B / Soul"",""Rock"",""Pop"",""other""],""baseline-music-type-Comment"":""youtube video"",""baseline-study-hours"":""2-3"",""baseline-study-location"":[""Home""],""baseline-study-motivation"":8}"
pdcrhjtz9ap,90906.0,,"{""reflect-study-mood"":8,""reflect-study-motivation"":8,""motivation_ranking"":[""Lyrical Music"",""Upbeat Instrumental"",""Chill Instrumental"",""Silence""],""reflect-device"":""Laptop"",""reflect-listening-device"":""Over-ear headphones"",""reflect-music-familiarity"":""Neither"",""reflect-music-opinion"":""I liked it, but I wouldn't use it for studying"",""reflect-music-likes"":""idk i didn't dislike the music so imma say the vocal one\n"",""reflect-difficulties"":""no"",""reflect-feedback"":""no""}"
pu2ott0zun5,53547.0,,"{""baseline-age"":21,""baseline-race"":[""White""],""baseline-listen-frequency"":""Often"",""baseline-listening-device"":""Over-ear headphones"",""baseline-music-type"":[""Lo-fi / Chillhop"",""Rock"",""Hip-Hop / Rap"",""Electronic / EDM"",""Pop""],""baseline-study-hours"":""6-7"",""baseline-study-location"":[""Home""],""baseline-study-motivation"":5}"
pu2ott0zun5,78162.0,,"{""reflect-study-mood"":8,""reflect-study-motivation"":5,""motivation_ranking"":[""Chill Instrumental"",""Lyrical Music"",""Upbeat Instrumental"",""Silence""],""reflect-listening-device"":""Earbuds"",""reflect-device"":""Phone"",""reflect-music-familiarity"":""One of them"",""reflect-music-opinion"":""I liked it, but I wouldn't use it for studying"",""reflect-music-likes"":""Chill instrumental "",""reflect-difficulties"":null,""reflect-feedback"":null}"
pd4c9boljm3,84270.0,,"{""baseline-age"":18,""baseline-race"":[""Hispanic, Latino, or Spanish Origin""],""baseline-listen-frequency"":""Always"",""baseline-listening-device"":""Over-ear headphones"",""baseline-music-type"":[""R&B / Soul"",""Latin / Reggaeton"",""Nature Sounds / White Noise"",""Reggae"",""Pop""],""baseline-study-hours"":""4-5"",""baseline-study-location"":[""Coffee shop"",""Home""],""baseline-study-motivation"":7}"
pd4c9boljm3,86079.0,,"{""reflect-study-mood"":10,""reflect-study-motivation"":9,""motivation_ranking"":[""Upbeat Instrumental"",""Chill Instrumental"",""Lyrical Music"",""Silence""],""reflect-listening-device"":""Speakers/Out loud"",""reflect-device"":""Laptop"",""reflect-music-familiarity"":""Both of them"",""reflect-music-opinion"":""I liked it and would use it for studying"",""reflect-music-likes"":""I liked both tracks."",""reflect-difficulties"":""N/A"",""reflect-feedback"":""N/A""}"
pubjtuynly5,56295.0,,"{""baseline-age"":20,""baseline-race"":[""Hispanic, Latino, or Spanish Origin""],""baseline-listen-frequency"":""Often"",""baseline-listening-device"":""Earbuds"",""baseline-music-type"":[""Lo-fi / Chillhop"",""Pop"",""R&B / Soul"",""Hip-Hop / Rap"",""Reggae"",""Latin / Reggaeton"",""K-Pop / J-Pop"",""Podcasts / Spoken Word""],""baseline-study-hours"":""2-3"",""baseline-study-location"":[""Home"",""Library""],""baseline-study-motivation"":7}"
pubjtuynly5,74144.0,,"{""reflect-study-mood"":8,""reflect-study-motivation"":8,""motivation_ranking"":[""Chill Instrumental"",""Lyrical Music"",""Upbeat Instrumental"",""Silence""],""reflect-listening-device"":""Speakers/Out loud"",""reflect-device"":""Laptop"",""reflect-music-familiarity"":""Both of them"",""reflect-music-opinion"":""I liked it and would use it for studying"",""reflect-music-likes"":""I liked the tracks used for chill/lofi and the pop song."",""reflect-difficulties"":""N/A"",""reflect-feedback"":""N/A""}"
pq78kx418s8,68643.0,,"{""baseline-age"":21,""baseline-race"":[""Asian"",""Hispanic, Latino, or Spanish Origin"",""Multiethnic""],""baseline-listen-frequency"":""Sometimes"",""baseline-listening-device"":""Over-ear headphones"",""baseline-music-type"":[""Classical"",""Latin / Reggaeton"",""Nature Sounds / White Noise"",""other""],""baseline-music-type-Comment"":""Video Game Boss OSTs (example: Kirby, Hollow Knight) when I have a big deadline"",""baseline-study-hours"":""8-9"",""baseline-study-location"":[""Home"",""Library""],""baseline-study-motivation"":7}"
pq78kx418s8,126145.0,,"{""reflect-study-mood"":8,""reflect-study-motivation"":8,""motivation_ranking"":[""Silence"",""Upbeat Instrumental"",""Chill Instrumental"",""Lyrical Music""],""reflect-listening-device"":""Over-ear headphones"",""reflect-device"":""Laptop"",""reflect-music-familiarity"":""One of them"",""reflect-music-opinion"":""I liked it, but I wouldn't use it for studying"",""reflect-music-likes"":""The Upbeat Instrumental"",""reflect-difficulties"":null,""reflect-feedback"":null}"
ptr40uhsdof,47773.0,,"{""baseline-age"":19,""baseline-race"":[""Asian"",""White""],""baseline-listen-frequency"":""Often"",""baseline-listening-device"":""Earbuds"",""baseline-music-type"":[""Classical"",""Jazz"",""Rock"",""K-Pop / J-Pop"",""Podcasts / Spoken Word"",""Pop""],""baseline-study-hours"":""2-3"",""baseline-study-location"":[""Home""],""baseline-study-motivation"":4}"
ptr40uhsdof,93851.0,,"{""reflect-study-mood"":8,""reflect-study-motivation"":6,""motivation_ranking"":[""Silence"",""Chill Instrumental"",""Upbeat Instrumental"",""Lyrical Music""],""reflect-listening-device"":""Earbuds"",""reflect-device"":""Laptop"",""reflect-music-familiarity"":""Neither"",""reflect-music-opinion"":""I liked it, but I wouldn't use it for studying"",""reflect-music-likes"":""I enjoyed the songs, but it definitely made it harder to focus, I feel like the less stimulating the song, the more I can focus on the work"",""reflect-difficulties"":""No"",""reflect-feedback"":""Very well done, I am very interested in my performance and the findings of this study!""}"
